;Tyne Valley v2 by eezypeazy,,,,,,,,
;copyright 2009 all rights reserved,,,,,,,,
;visit www.eezypeazy.co.uk,,,,,,,,
,,,,,,,,
;made with help from RouteBuilder 1.4.2 (2005-06-05) - visit http://routebuilder.bve-routes.com,,,,,,,,
,,,,,,,,
with Route,,,,,,,,
,,,,,,,,
.Comment 1007 MetroCentre to Newcastle $chr(012)calling at:$chr(012)$chr(012)MetroCentre and$chr(012)Newcastle.$chr(046)$chr(012)$chr(012)Operated by Northern Rail$chr(046)$chr(012)$chr(012)$chr(012)Released as part of Tyne Valley v2 for BVE Trainsim version 4 and openBVE$chr(046)$chr(012)$chr(012)Copyright eezypeazy 2009$chr(046) All rights reserved$chr(046)$chr(012)$chr(012)visit www$chr(046)eezypeazy$chr(046)co$chr(046)uk$chr(046)$chr(012)$chr(012)Originally made with help from Route Builder1.4.2 (2005-06-05) - visit http://routebuilder.bve-routes.com$chr(13)$chr(10)Cleaned with RBCleaner,,,,,,,,
,,,,,,,,
.Change 1,,,,,,,,
.Gauge 1435,,,,,,,,
.Signal(2) 96,,,,,,,,
.Signal (3) 96,,,,,,,,
,,,,,,,,
.ambientlight 243;243;232,,,,,,,,
,,,,,,,,
.DeveloperId 0,,,,,,,,
,,,,,,,,
with Train,,,,,,,,
.Folder Cl142,,,,,,,,
;.Folder cl142_088,,,,,,,,
,,,,,,,,
.Run(0) 2,,,,,,,,
.Run(1) 2,,,,,,,,
.Run(2) 2,,,,,,,,
.Run(3) 2,,,,,,,,
.Run(4) 0,,,,,,,,
.Run(5) 0,,,,,,,,
.Run(6) 0,,,,,,,,
.Run(7) 0,,,,,,,,
.Run(8) 0,,,,,,,,
.Run(9) 0,,,,,,,,
.Run(10) 3,,,,,,,,
.Run(11) 0,,,,,,,,
.Run(12) 0,,,,,,,,
.Run(13) 0,,,,,,,,
.Run(14) 3,,,,,,,,
.Run(15) 3,,,,,,,,
.Run(16) 2,,,,,,,,
.Run(17) 2,,,,,,,,
.Run(18) 2,,,,,,,,
.Run(19) 2,,,,,,,,
.Run(20) 2,,,,,,,,
.Run(21) 3,,,,,,,,
.Run(22) 3,,,,,,,,
.Run(23) 3,,,,,,,,
.Run(44) 7,,,,,,,,
,,,,,,,,
.Timetable(0).Day.Load ..\..\Railway\Object\Tyne Valley\timetables\Su_1007_Swalwell.bmp,,,,,,,,
,,,,,,,,
with Structure,,,,,,,,
.rail(0) Tyne Valley\tracks\brown_overhead.b3d,,,,,,,,
.rail(1) Tyne Valley\tracks\brown500_overhead.b3d,,,,,,,,
.rail(2) Tyne Valley\tracks\brown-150_overhead.b3d,,,,,,,,
.rail(3) Tyne Valley\tracks\track0.b3d,,,,,,,,
.rail(4) Tyne Valley\tracks\brown.b3d,,,,,,,,
.rail(5) Tyne Valley\tracks\brown-1000.b3d,,,,,,,,
.rail(6) Tyne Valley\tracks\brown-500.b3d,,,,,,,,
.rail(7) Tyne Valley\tracks\brown-300.b3d,,,,,,,,
.rail(8) Tyne Valley\tracks\brown-150.b3d,,,,,,,,
.rail(9) Tyne Valley\tracks\brown150.b3d,,,,,,,,
.rail(10) Tyne Valley\tracks\dark.b3d,,,,,,,,
.rail(11) Tyne Valley\tracks\brown1000.b3d,,,,,,,,
.rail(12) Tyne Valley\tracks\brown500.b3d,,,,,,,,
.rail(13) Tyne Valley\tracks\brown300.b3d,,,,,,,,
.rail(14) Tyne Valley\tracks\dark_1000.b3d,,,,,,,,
.rail(15) Tyne Valley\tracks\dark_500.b3d,,,,,,,,
.rail(16) Tyne Valley\tracks\brown-500_overhead.b3d,,,,,,,,
.rail(17) Tyne Valley\tracks\brown-1000_overhead.b3d,,,,,,,,
.rail(18) Tyne Valley\tracks\brown-300_overhead.b3d,,,,,,,,
.rail(19) Tyne Valley\tracks\brown1000_overhead.b3d,,,,,,,,
.rail(20) Tyne Valley\tracks\brown300_overhead.b3d,,,,,,,,
.rail(21) Tyne Valley\tracks\dark_-500_overhead.B3D,,,,,,,,
.rail(22) Tyne Valley\tracks\dark-300_overhead.B3D,,,,,,,,
.rail(23) Tyne Valley\tracks\dark_overhead.b3d,,,,,,,,
.rail(24) Tyne Valley\tracks\brownrusty.b3d,,,,,,,,
.rail(25) Tyne Valley\tracks\brown230_overhead.b3d,,,,,,,,
.rail(26) Tyne Valley\tracks\brown-200.b3d,,,,,,,,
.rail(27) Tyne Valley\tracks\brown-200_xtd.b3d,,,,,,,,
,,,,,,,,
.rail(31) Tyne Valley\tracks\brown-1400.b3d,,,,,,,,
.rail(32) Tyne Valley\tracks\brown1400.b3d,,,,,,,,
.rail(33) Tyne Valley\tracks\brown-700.b3d,,,,,,,,
.rail(34) Tyne Valley\tracks\brown700.b3d,,,,,,,,
.rail(35) Tyne Valley\tracks\brown-1400_overhead.b3d,,,,,,,,
.rail(36) Tyne Valley\tracks\brown2800.b3d,,,,,,,,
.rail(37) Tyne Valley\tracks\brown1400_overhead.b3d,,,,,,,,
.rail(38) Tyne Valley\tracks\brown-800_overhead.b3d,,,,,,,,
.rail(39) Tyne Valley\tracks\brown200.b3d,,,,,,,,
.rail(40) Tyne Valley\tracks\brown_overhead_xtd.b3d,,,,,,,,
.rail(41) Tyne Valley\tracks\brown200_overhead.b3d,,,,,,,,
.rail(42) Tyne Valley\tracks\brown200_overhead_xtd.b3d,,,,,,,,
.rail(43) Tyne Valley\tracks\brown150_overhead.b3d,,,,,,,,
.rail(44) Tyne Valley\tracks\brown.b3d; with passing train sound,,,,,,,,
,,,,,,,,
.rail(50) Tyne Valley\tracks\brown300_overhead_xtd.b3d,,,,,,,,
,,,,,,,,
.rail(61) Tyne Valley\tracks\brownballast.b3d,,,,,,,,
,,,,,,,,
.rail(101) Tyne Valley\bridges\blaydonviaduct.b3d,,,,,,,,
,,,,,,,,
.ground(0) Tyne Valley\grounds\empty.b3d,,,,,,,,
.ground(1) Tyne Valley\grounds\ballast19mnoground.b3d,,,,,,,,
.ground(2) Tyne Valley\grounds\cutting5left.b3d,,,,,,,,
.ground(3) Tyne Valley\grounds\cutting5.b3d,,,,,,,,
.ground(4) Tyne Valley\grounds\cutting6.b3d,,,,,,,,
.ground(5) Tyne Valley\grounds\cutting6ends.b3d,,,,,,,,
.ground(6) Tyne Valley\grounds\ballast19m.b3d,,,,,,,,
.ground(7) Tyne Valley\grounds\groundforembankments.b3d,,,,,,,,
.ground(8) Tyne Valley\grounds\houseslowleftfieldsright.b3d,,,,,,,,
.ground(9) Tyne Valley\grounds\cutting3.b3d,,,,,,,,
.ground(10) Tyne Valley\grounds\cutting1.b3d,,,,,,,,
.ground(11) Tyne Valley\grounds\forestfloor1.b3d,,,,,,,,
.ground(12) Tyne Valley\grounds\grassfields.b3d,,,,,,,,
.ground(13) Tyne Valley\grounds\cuttingtreestwotrack.b3d,,,,,,,,
.ground(14) Tyne Valley\grounds\cutting2.b3d,,,,,,,,
.ground(15) Tyne Valley\grounds\cutting2ends.b3d,,,,,,,,
.ground(16) Tyne Valley\grounds\grassfields2.b3d,,,,,,,,
.ground(17) Tyne Valley\grounds\cutting4.b3d,,,,,,,,
.ground(18) Tyne Valley\grounds\cutting3ends.b3d,,,,,,,,
.ground(19) Tyne Valley\grounds\groundleftforembankment_l.b3d,,,,,,,,
.ground(20) Tyne Valley\grounds\groundforembankmenttoLC_l.b3d,,,,,,,,
.ground(21) Tyne Valley\grounds\fieldsr_l.b3d,,,,,,,,
.ground(22) Tyne Valley\grounds\tracktreeesleftfieldsr_l.b3d,,,,,,,,
.ground(23) Tyne Valley\grounds\cuttingtreestwotrack2.b3d,,,,,,,,
.ground(24) Tyne Valley\grounds\cuttinglargetreesrightfieldsleft_l.b3d,,,,,,,,
.ground(25) Tyne Valley\grounds\cuttinglargetreestreestwotrack2.b3d,,,,,,,,
.ground(26) Tyne Valley\grounds\feildslhillr.b3d,,,,,,,,
.ground(27) Tyne Valley\grounds\groundforembankmentstocutting.b3d,,,,,,,,
.ground(28) Tyne Valley\grounds\brownballast.b3d,,,,,,,,
.ground(29) Tyne Valley\grounds\riverrighthill.b3d,,,,,,,,
.ground(30) Tyne Valley\grounds\cuttingtreesleftriverright_l.b3d,,,,,,,,
.ground(31) Tyne Valley\grounds\fieldsleftriverrighthill.b3d,,,,,,,,
.ground(32) Tyne Valley\grounds\cuttingtreesleftfieldsr_l.b3d,,,,,,,,
.ground(33) Tyne Valley\grounds\cuttingrockleft.b3d,,,,,,,,
.ground(34) Tyne Valley\grounds\cuttingrockleftriverright.b3d,,,,,,,,
.ground(35) Tyne Valley\grounds\riverbelow75m.b3d,,,,,,,,
.ground(36) Tyne Valley\grounds\shrubscycle2track.b3d,,,,,,,,
.ground(37) Tyne Valley\grounds\water1_low5.b3d,,,,,,,,
.ground(38) Tyne Valley\grounds\riverfield.b3d,,,,,,,,
.ground(39) Tyne Valley\grounds\grassfieldsleft.b3d,,,,,,,,
.ground(40) Tyne Valley\grounds\A695.b3d,,,,,,,,
.ground(41) Tyne Valley\grounds\rivertyne.b3d,,,,,,,,
.ground(42) Tyne Valley\grounds\rtynewylamwall.b3d,,,,,,,,
.ground(43) Tyne Valley\grounds\golfcoursestart.b3d,,,,,,,,
.ground(44) Tyne Valley\grounds\golfcours.b3d,,,,,,,,
.ground(45) Tyne Valley\grounds\grass3_low5.b3d,,,,,,,,
.ground(145) Tyne Valley\grounds\grass3_low5_right.b3d,,,,,,,,
,,,,,,,,
.ground(46) Tyne Valley\grounds\grass2.b3d,,,,,,,,
,,,,,,,,
.ground(48) Tyne Valley\grounds\grass3.b3d,,,,,,,,
.ground(49) Tyne Valley\grounds\grass1.b3d,,,,,,,,
,,,,,,,,
.ground(51) Tyne Valley\grounds\black.b3d,,,,,,,,
.ground(52) Tyne Valley\grounds\water1_low25.b3d,,,,,,,,
.ground(53) Tyne Valley\grounds\cuttingtrees_l.b3d,,,,,,,,
.ground(54) Tyne Valley\grounds\houseslow.b3d,,,,,,,,
.ground(55) Tyne Valley\grounds\cuttingstartstrees_l.b3d,,,,,,,,
.ground(56) Tyne Valley\grounds\housesrear.b3d,,,,,,,,
.ground(57) Tyne Valley\grounds\shrubscycle3track.b3d,,,,,,,,
.ground(58) Tyne Valley\grounds\cuttingtreestwotrackhousesleft.b3d,,,,,,,,
.ground(59) Tyne Valley\grounds\cuttingtreestwotrackstationhousesleft.b3d,,,,,,,,
.ground(60) Tyne Valley\grounds\rtynenowylamwall.b3d,,,,,,,,
.ground(61) Tyne Valley\grounds\stocksfieldyard.b3d,,,,,,,,
.ground(62) Tyne Valley\grounds\prudhoeyard.b3d,,,,,,,,
.ground(63) Tyne Valley\grounds\concrete_55.b3d,,,,,,,,
.ground(64) Tyne Valley\grounds\cobbles_left.b3d,,,,,,,,
,,,,,,,,
.crackL(1) Tyne Valley\grounds\crack1_L.b3d,,,,,,,,
.crackR(1) Tyne Valley\grounds\crack1_R.b3d,,,,,,,,
,,,,,,,,
.wallL(0) Tyne Valley\walls\bushestrees_l.b3d,,,,,,,,
.wallR(0) Tyne Valley\walls\bushestrees_r.b3d,,,,,,,,
.wallL(1) Tyne Valley\walls\forest4_l.b3d,,,,,,,,
.wallL(2) Tyne Valley\walls\Spital_l.b3d,,,,,,,,
.wallL(3) Tyne Valley\walls\embankment_r.b3d,,,,,,,,
.wallL(4) Tyne Valley\walls\bricktunnel_l.x,,,,,,,,
.wallL(5) Tyne Valley\walls\bushestreeswall_l.b3d,,,,,,,,
.WallL(6) Tyne Valley\grounds\cutting6.b3d,,,,,,,,
,,,,,,,,
.wallR(8) Tyne Valley\walls\woodfence1_r.b3d,,,,,,,,
.wallL(9) Tyne Valley\walls\bushestrees3_l.b3d,,,,,,,,
.WallL(10) Tyne Valley\grounds\cutting1.b3d,,,,,,,,
.WallR(11) Tyne Valley\walls\hedgeclose_r.b3d,,,,,,,,
.wallL(12) Tyne Valley\grounds\cutting3_l.b3d ;cutting left only,,,,,,,,
.wallR(12) Tyne Valley\grounds\cutting3_r.b3d ;cutting right only,,,,,,,,
.wallL(13) Tyne Valley\grounds\cutting3.b3d ;cutting both sides,,,,,,,,
.wallL(14) Tyne Valley\grounds\cutting2.b3d,,,,,,,,
.wallL(15) Tyne Valley\grounds\cutting3.b3d,,,,,,,,
.wallL(16) Tyne Valley\grounds\cutting4.b3d,,,,,,,,
.wallL(17) Tyne Valley\grounds\cuttingtreestwotrack.b3d,,,,,,,,
.wallL(18) Tyne Valley\walls\busheslargertreestwotrack2_l.b3d ;both sides,,,,,,,,
,,,,,,,,
.wallL(21) Tyne Valley\bridges\ouseburn_l.x,,,,,,,,
.wallR(21) Tyne Valley\bridges\ouseburn_r.x,,,,,,,,
.wallL(22) Tyne Valley\grounds\tracktreeesleftfieldsr_l.b3d,,,,,,,,
,,,,,,,,
.wallL(24) Tyne Valley\walls\wirenet_Wall1_l.b3d,,,,,,,,
.wallR(24) Tyne Valley\walls\wirenet_Wall1_r.b3d,,,,,,,,
,,,,,,,,
.wallR(28) Tyne Valley\walls\wall_brick1_high_r.B3D,,,,,,,,
,,,,,,,,
.wallL(31) Tyne Valley\walls\wall_concrete_high_l.b3d,,,,,,,,
,,,,,,,,
.wallL(34) Tyne Valley\plants\mytrees1l.b3d,,,,,,,,
.wallR(34) Tyne Valley\plants\mytrees1r.b3d,,,,,,,,
,,,,,,,,
.wallR(41) Tyne Valley\walls\blaydonwall_r.b3d,,,,,,,,
,,,,,,,,
.wallR(47) Tyne Valley\walls\oldstonewallbushes_r.b3d ;wall with bushes,,,,,,,,
.wallR(50) Tyne Valley\walls\oldstonewall_r.b3d ;wall with wire fence above,,,,,,,,
,,,,,,,,
.wallL(64) Tyne Valley\walls\fencebush4away_l.b3d,,,,,,,,
,,,,,,,,
.wallR(101) Tyne Valley\walls\brickviaductrailwayst_r.b3d,,,,,,,,
,,,,,,,,
.wallL(114) Tyne Valley\walls\deepforest1_l.b3d,,,,,,,,
,,,,,,,,
.wallR(136) Tyne Valley\walls\woodfence1Tom_r.b3d,,,,,,,,
.wallL(136) Tyne Valley\walls\woodfence1Tom_l.b3d,,,,,,,,
,,,,,,,,
.WallR(153) Tyne Valley\walls\fieldsr_l.b3d,,,,,,,,
.wallL(153) Tyne Valley\walls\grassfields_l.b3d,,,,,,,,
,,,,,,,,
.WallL(164) Tyne Valley\walls\oldstonewall_l.b3d,,,,,,,,
.wallR(164) Tyne Valley\walls\oldstonewall_r.b3d,,,,,,,,
,,,,,,,,
.wallR(174) Tyne Valley\walls\stonewall_highfelling_r.B3D,,,,,,,,
,,,,,,,,
.wallL(230) Tyne Valley\walls\westboat1_l.b3d,,,,,,,,
,,,,,,,,
.wallL(234) Tyne Valley\walls\bushestreestwotrack2_l.b3d,,,,,,,,
,,,,,,,,
.dikeL(99) Tyne Valley\walls\dike_grass3_high_7_l.b3d,,,,,,,,
.dikeR(99) Tyne Valley\walls\dike_grass3_high_7_r.b3d,,,,,,,,
,,,,,,,,
.dikeR(139) Tyne Valley\walls\forest1_r.b3d,,,,,,,,
.dikeL(139) Tyne Valley\walls\forest1_l.b3d,,,,,,,,
,,,,,,,,
.dikeR(235) Tyne Valley\walls\thinforest1hill_r.b3d,,,,,,,,
,,,,,,,,
.dikeL(249) Tyne Valley\walls\thinforest1_l.b3d,,,,,,,,
.dikeR(249) Tyne Valley\walls\thinforest1_r.b3d,,,,,,,,
,,,,,,,,
.dikeL(0) Tyne Valley\walls\bushestreesA69_r.b3d,,,,,,,,
,,,,,,,,
.dikeL(1) Tyne Valley\walls\embankment_l.b3d,,,,,,,,
.dikeR(1) Tyne Valley\walls\embankment_r.b3d,,,,,,,,
,,,,,,,,
.dikeL(2) Tyne Valley\walls\embankment_grass_l.b3d,,,,,,,,
.dikeR(2) Tyne Valley\walls\embankment_grass_r.b3d,,,,,,,,
,,,,,,,,
;the following dikes have been numbered to use the random function,,,,,,,,
,,,,,,,,
.dikeL(11) Tyne Valley\walls\embankment_grass_l.b3d,,,,,,,,
.dikeL(12) Tyne Valley\walls\embankment_grassbushes_l.b3d,,,,,,,,
,,,,,,,,
.dikeL(26) Tyne Valley\grounds\feildslhillr.b3d,,,,,,,,
,,,,,,,,
.Pole(0;0) Tyne Valley\poles\pole_DB_concrete1.x,,,,,,,,
,,,,,,,,
;new MetroCentre objects,,,,,,,,
,,,,,,,,
.rail(201) Tyne Valley\grounds\road.b3d ;single carriageway with kerbs and yellow lines,,,,,,,,
,,,,,,,,
.freeobj(2258) Tyne Valley\misc\mclamppost.b3d,,,,,,,,
,,,,,,,,
.freeobj(2359) Tyne Valley\bridges\metrocentrebusbridge.b3d,,,,,,,,
,,,,,,,,
.freeobj(1201) Tyne Valley\platforms\metrocentre1_l.b3d,,,,,,,,
.freeobj(1202) Tyne Valley\platforms\metrocentre2_l.b3d,,,,,,,,
.freeobj(1203) Tyne Valley\platforms\metrocentre3_l.b3d,,,,,,,,
,,,,,,,,
.freeobj(1211) Tyne Valley\platforms\metrocentre1_r.b3d,,,,,,,,
.freeobj(1212) Tyne Valley\platforms\metrocentre2_r.b3d,,,,,,,,
.freeobj(1213) Tyne Valley\platforms\metrocentre3_r.b3d,,,,,,,,
,,,,,,,,
.freeobj(7041) Tyne Valley\buildings\MCbusstation.b3d,,,,,,,,
,,,,,,,,
,,,,,,,,
;buses numbered for randomisation,,,,,,,,
.freeobj(485) Tyne Valley\buses\Arriva Optare.csv,,,,,,,,
.freeobj(486) Tyne Valley\buses\Arriva Volvo B6.csv,,,,,,,,
.freeobj(487) Tyne Valley\buses\Go North East Volvo.csv,,,,,,,,
.freeobj(488) Tyne Valley\buses\Bova Futura.csv,,,,,,,,
.freeobj(489) Tyne Valley\buses\Nat Express.csv,,,,,,,,
.freeobj(490) Tyne Valley\buses\Northumbria  DAF SB220.b3d,,,,,,,,
,,,,,,,,
.freeobj(701) Tyne Valley\buses\South Shields Atlantean.csv,,,,,,,,
,,,,,,,,
.freeobj(841) Tyne Valley\platforms\metrocentrenameboard.b3d,,,,,,,,
,,,,,,,,
,,,,,,,,
,,,,,,,,
.freeobj(0) Tyne Valley\signs\My Stop Sign.b3d,,,,,,,,
,,,,,,,,
.freeobj(2) Tyne Valley\misc\spanwires.b3d,,,,,,,,
.freeobj(3) Tyne Valley\tracks\brown_overhead.b3d,,,,,,,,
,,,,,,,,
.freeobj(5) Tyne Valley\signals\signal_dummy1.b3d,,,,,,,,
.freeobj(6) Tyne Valley\signals\signal_dummy2.b3d,,,,,,,,
.freeobj(7) Tyne Valley\signals\signal_dummy3.b3d,,,,,,,,
,,,,,,,,
.freeobj(2007) Tyne Valley\signals\signal_dummyred3aspect2featherleft.x,,,,,,,,
.freeobj(2008) Tyne Valley\signals\signal_dummyred3aspectfeatherl.x,,,,,,,,
,,,,,,,,
,,,,,,,,
.freeobj(8) Tyne Valley\tracks\brown150_overhead.b3d,,,,,,,,
.freeobj(9) Tyne Valley\tracks\brown300_overhead.b3d,,,,,,,,
.freeobj(10) Tyne Valley\tracks\brown500_overhead.b3d,,,,,,,,
.freeobj(11) Tyne Valley\walls\finishedstone_r.b3d,,,,,,,,
,,,,,,,,
.freeobj(13) Tyne Valley\tracks\brown-150_overhead.b3d,,,,,,,,
.freeobj(14) Tyne Valley\signs\donotcross.b3d,,,,,,,,
.freeobj(15) Tyne Valley\tracks\switch_brown_overheadLR.b3d,,,,,,,,
.freeobj(16) Tyne Valley\tracks\switch_brown_overheadRL.b3d,,,,,,,,
,,,,,,,,
.freeobj(18) Tyne Valley\buildings\factory3.b3d,,,,,,,,
.freeobj(19) Tyne Valley\walls\bushestrees2_l.b3d,,,,,,,,
,,,,,,,,
.freeobj(2020) Tyne Valley\walls\bridge_steel3_r_xtd.b3d,,,,,,,,
.freeobj(20) Tyne Valley\walls\bridge_steel3_r.b3d,,,,,,,,
.freeobj(21) Tyne Valley\walls\bridge_steel3_l.b3d,,,,,,,,
.freeobj(22) Tyne Valley\misc\spanwirepole_l.b3d,,,,,,,,
.freeobj(23) Tyne Valley\trains\573.b3d,,,,,,,,
.freeobj(24) Tyne Valley\walls\wirenet_Wall1_r.b3d,,,,,,,,
.freeobj(25) Tyne Valley\walls\hedge_r.b3d,,,,,,,,
.freeobj(26) Tyne Valley\walls\embankment2low_l.b3d,,,,,,,,
.freeobj(27) Tyne Valley\poles\pole_EP6span2.b3d,,,,,,,,
.freeobj(28) Tyne Valley\buildings\factoryl1.b3d,,,,,,,,
,,,,,,,,
.freeobj(30) Tyne Valley\tracks\switch_brownLR.b3d,,,,,,,,
,,,,,,,,
.freeobj(1030) Tyne Valley\tracks\switch_brownLR_OOU.b3d ;lh track OOU,,,,,,,,
.freeobj(1031) Tyne Valley\tracks\switch_brownLR_all_OOU.b3d ;all OOU,,,,,,,,
,,,,,,,,
.freeobj(1032) Tyne Valley\tracks\crossing.b3d,,,,,,,,
,,,,,,,,
.freeobj(2031) Tyne Valley\tracks\doubleslip.b3d,,,,,,,,
.freeobj(2032) Tyne Valley\tracks\doubleslipright.b3d,,,,,,,,
,,,,,,,,
.freeobj(31) Tyne Valley\tracks\overheadLL.b3d,,,,,,,,
.freeobj(32) Tyne Valley\walls\wirenet_Wall1_l.b3d,,,,,,,,
.freeobj(33) Tyne Valley\poles\pole_DB_concrete1.x,,,,,,,,
,,,,,,,,
.freeobj(9123) Tyne Valley\poles\overhead.x,,,,,,,,
,,,,,,,,
.freeobj(34) Tyne Valley\tracks\crossing2.b3d,,,,,,,,
.freeobj(35) Tyne Valley\poles\pole_EP3span2.b3d,,,,,,,,
,,,,,,,,
.freeobj(38) Tyne Valley\plants\bigtreeep2.b3d,,,,,,,,
,,,,,,,,
.freeobj(40) Tyne Valley\walls\hedgeclose_r.b3d,,,,,,,,
.freeobj(41) Tyne Valley\tracks\brown-1000_overhead.b3d,,,,,,,,
.freeobj(42) Tyne Valley\walls\bushestreeswall_l.b3d,,,,,,,,
.freeobj(43) Tyne Valley\tracks\brown-500_overhead.b3d,,,,,,,,
.freeobj(44) Tyne Valley\tracks\brown-300_overhead.b3d,,,,,,,,
.freeobj(45) Tyne Valley\tracks\brown-150.b3d,,,,,,,,
.freeobj(46) Tyne Valley\tracks\brown.b3d,,,,,,,,
.freeobj(47) Tyne Valley\walls\oldstonewallbushes_r.b3d,,,,,,,,
.freeobj(48) Tyne Valley\bridges\stonebridge4span.b3d,,,,,,,,
.freeobj(49) Tyne Valley\grounds\cutting5left.b3d,,,,,,,,
.freeobj(50) Tyne Valley\walls\oldstonewall_r.b3d,,,,,,,,
.freeobj(51) Tyne Valley\misc\Rail Buffers.b3d,,,,,,,,
.freeobj(52) Tyne Valley\signals\signal_post.x,,,,,,,,
.freeobj(53) Tyne Valley\signals\gantryhanger1.b3d,,,,,,,,
.freeobj(9053) Tyne Valley\signals\offhanger1.b3d,,,,,,,,
.freeobj(54) Tyne Valley\signals\4spansignalgantry.b3d,,,,,,,,
,,,,,,,,
.freeobj(55) Tyne Valley\signals\signal_post2.x,,,,,,,,
,,,,,,,,
.freeobj(56) Tyne Valley\grounds\ballast19mnoground.b3d,,,,,,,,
.freeobj(57) Tyne Valley\tracks\switch_brownLL.b3d,,,,,,,,
.freeobj(58) Tyne Valley\plants\bigtreeep2r.b3d,,,,,,,,
.freeobj(59) Tyne Valley\bridges\stonebridge.b3d,,,,,,,,
.freeobj(60) Tyne Valley\grounds\cutting6.b3d,,,,,,,,
.freeobj(61) Tyne Valley\tracks\brownrusty.b3d,,,,,,,,
.freeobj(62) Tyne Valley\tracks\switch_brownRL.b3d,,,,,,,,
.freeobj(9062) Tyne Valley\tracks\switch_brownRL_OOU.b3d,,,,,,,,
.freeobj(9063) Tyne Valley\tracks\switch_brownRL_all_OOU.b3d,,,,,,,,
.freeobj(63) Tyne Valley\grounds\cutting6right.b3d,,,,,,,,
.freeobj(64) Tyne Valley\walls\fencebush4away_l.b3d,,,,,,,,
.freeobj(65) Tyne Valley\walls\bushestrees_r.b3d,,,,,,,,
.freeobj(66) Tyne Valley\walls\embankment_l.b3d,,,,,,,,
.freeobj(67) Tyne Valley\walls\embankment_r.b3d,,,,,,,,
,,,,,,,,
.freeobj(69) Tyne Valley\walls\concrete overbridge.B3D,,,,,,,,
.freeobj(70) Tyne Valley\tracks\brown-1000.b3d,,,,,,,,
.freeobj(71) Tyne Valley\walls\embankment_grass_l.b3d,,,,,,,,
.freeobj(72) Tyne Valley\walls\embankmen_grasst_r.b3d,,,,,,,,
.freeobj(73) Tyne Valley\tracks\dark.b3d,,,,,,,,
,,,,,,,,
.freeobj(75) Tyne Valley\plants\bigtreeesclose.b3d,,,,,,,,
.freeobj(76) Tyne Valley\trains\Class 156 NR_1.b3d,,,,,,,,
.freeobj(77) Tyne Valley\trains\Class 156 NR_2.b3d,,,,,,,,
.freeobj(78) Tyne Valley\tracks\brown1000.b3d,,,,,,,,
.freeobj(79) Tyne Valley\tracks\brown500.b3d,,,,,,,,
.freeobj(80) Tyne Valley\buildings\woodencrossing.b3d,,,,,,,,
.freeobj(81) Tyne Valley\grounds\treescutting4starts.b3d,,,,,,,,
.freeobj(82) Tyne Valley\tracks\brown300.b3d,,,,,,,,
.freeobj(83) Tyne Valley\tracksigns\40mphtemp.b3d,,,,,,,,
,,,,,,,,
.freeobj(85) Tyne Valley\tracks\brown-500.b3d,,,,,,,,
,,,,,,,,
.freeobj(87) Tyne Valley\platforms\OOUfence.b3d,,,,,,,,
,,,,,,,,
.freeobj(93) Tyne Valley\platforms\hexhamfootbr.b3d,,,,,,,,
,,,,,,,,
.freeobj(97) Tyne Valley\tracksigns\50mphtemp.b3d,,,,,,,,
,,,,,,,,
.freeobj(99) Tyne Valley\buildings\detachedhouse.csv,,,,,,,,
,,,,,,,,
.freeobj(101) Tyne Valley\walls\Level Crossing_l.b3d,,,,,,,,
.freeobj(102) Tyne Valley\walls\bushestrees_l.b3d,,,,,,,,
.freeobj(103) Tyne Valley\signals\semaphorered.b3d,,,,,,,,
.freeobj(104) Tyne Valley\plants\deepforest1.b3d,,,,,,,,
.freeobj(105) Tyne Valley\walls\simplestoneviaduct._l.b3d,,,,,,,,
.freeobj(106) Tyne Valley\tracksigns\whistle.b3d,,,,,,,,
.freeobj(107) Tyne Valley\plants\bushesforwoodcrossingembankment.b3d,,,,,,,,
.freeobj(108) Tyne Valley\bridges\stoneunderbridgesmall.b3d,,,,,,,,
.freeobj(109) Tyne Valley\walls\HBCrossing_l.b3d,,,,,,,,
.freeobj(110) Tyne Valley\walls\lcbushes.b3d,,,,,,,,
.freeobj(111) Tyne Valley\tracksigns\60mphtemp.b3d,,,,,,,,
.freeobj(112) Tyne Valley\tracks\brown-300.b3d,,,,,,,,
.freeobj(113) Tyne Valley\tracksigns\55mphtemp.b3d,,,,,,,,
.freeobj(114) Tyne Valley\walls\deepforest1_l.b3d,,,,,,,,
,,,,,,,,
.freeobj(116) Tyne Valley\grounds\grassfields.b3d,,,,,,,,
.freeobj(117) Tyne Valley\platforms\halt1_l.b3d,,,,,,,,
.freeobj(118) Tyne Valley\platforms\Country1_r.b3d,,,,,,,,
.freeobj(119) Tyne Valley\platforms\halt2_l.b3d,,,,,,,,
.freeobj(120) Tyne Valley\platforms\halt2_r.b3d,,,,,,,,
.freeobj(121) Tyne Valley\fences\darkdiagonalbushes trees_l.b3d,,,,,,,,
.freeobj(122) Tyne Valley\fences\Diagonalbushesr.b3d,,,,,,,,
,,,,,,,,
.freeobj(125) Tyne Valley\platforms\Country3_r.b3d,,,,,,,,
.freeobj(126) Tyne Valley\platforms\Country3_l.b3d,,,,,,,,
.freeobj(127) Tyne Valley\platforms\NERFootbridgered.b3d,,,,,,,,
,,,,,,,,
.freeobj(130) Tyne Valley\walls\cutting3_r.b3d,,,,,,,,
.freeobj(131) Tyne Valley\bridges\bridgebrickparapet.b3d,,,,,,,,
.freeobj(132) Tyne Valley\walls\cutting3ends_r.b3d,,,,,,,,
.freeobj(133) Tyne Valley\buildings\signalboxright.b3d,,,,,,,,
,,,,,,,,
.freeobj(136) Tyne Valley\walls\woodfence1Tom_r.b3d,,,,,,,,
.freeobj(137) Tyne Valley\walls\forest1_r.b3d,,,,,,,,
.freeobj(138) Tyne Valley\walls\woodfence1Tom_l.b3d,,,,,,,,
.freeobj(139) Tyne Valley\walls\forest1_l.b3d,,,,,,,,
.freeobj(140) Tyne Valley\bridges\stonebridgeconcreteparapet.b3d,,,,,,,,
,,,,,,,,
.freeobj(142) Tyne Valley\walls\road_l.b3d,,,,,,,,
,,,,,,,,
.freeobj(147) Tyne Valley\plants\treearrayleft_l.b3d,,,,,,,,
.freeobj(148) Tyne Valley\walls\busheslargertreestwotrack2_l.b3d,,,,,,,,
.freeobj(149) Tyne Valley\walls\lcpicket.b3d,,,,,,,,
,,,,,,,,
.freeobj(151) Tyne Valley\grounds\cuttingtrees_r.b3d,,,,,,,,
.freeobj(152) Tyne Valley\grounds\groundforembankmenttoLCbothsides_l.b3d,,,,,,,,
.freeobj(153) Tyne Valley\walls\fieldsr_l.b3d,,,,,,,,
.freeobj(154) Tyne Valley\walls\grassfields_l.b3d,,,,,,,,
,,,,,,,,
.freeobj(156) Tyne Valley\bridges\stonebridgeembankment.b3d,,,,,,,,
,,,,,,,,
.freeobj(158) Tyne Valley\grounds\fieldsr_l.b3d,,,,,,,,
.freeobj(159) Tyne Valley\tracks\brown150.b3d,,,,,,,,
.freeobj(9159) Tyne Valley\tracks\brown150_OOU.b3d,,,,,,,,
,,,,,,,,
.freeobj(164) Tyne Valley\walls\oldstonewall_l.b3d,,,,,,,,
.freeobj(165) Tyne Valley\walls\bushestreesA69_r.b3d,,,,,,,,
,,,,,,,,
.freeobj(167) Tyne Valley\bridges\metalbridgegreystone.b3d,,,,,,,,
.freeobj(168) Tyne Valley\walls\retainingwallstonegrey_l.b3d,,,,,,,,
,,,,,,,,
.freeobj(178) Tyne Valley\bridges\AVculvert.b3d,,,,,,,,
.freeobj(179) Tyne Valley\bridges\AVculvertunderside.b3d,,,,,,,,
.freeobj(180) Tyne Valley\tracksigns\30mphPSRahead.b3d,,,,,,,,
.freeobj(181) Tyne Valley\buildings\longfactory.b3d,,,,,,,,
.freeobj(182) Tyne Valley\grounds\riverrighthill.b3d,,,,,,,,
.freeobj(183) Tyne Valley\walls\treeshillroad_l.b3d,,,,,,,,
,,,,,,,,
.freeobj(186) Tyne Valley\walls\bricktunnel_l.x,,,,,,,,
.freeobj(187) Tyne Valley\tunnels\tunnelmouth.b3d,,,,,,,,
.freeobj(188) Tyne Valley\tracksigns\30mphtemp.b3d,,,,,,,,
.freeobj(189) Tyne Valley\walls\cuttingtrees_l.b3d,,,,,,,,
.freeobj(190) Tyne Valley\tracksigns\65mphtemp.b3d,,,,,,,,
.freeobj(191) Tyne Valley\plants\bigtreeep1.b3d,,,,,,,,
.freeobj(192) Tyne Valley\grounds\groundleftforembankment_l.b3d,,,,,,,,
.freeobj(193) Tyne Valley\walls\riverright_l.b3d,,,,,,,,
.freeobj(194) Tyne Valley\walls\bushestreesforsbox_r.b3d,,,,,,,,
,,,,,,,,
.freeobj(196) Tyne Valley\platforms\diagonalfencetreesplatstart_l.b3d,,,,,,,,
,,,,,,,,
.freeobj(199) Tyne Valley\platforms\diagonalfencetrees_l.b3d,,,,,,,,
.freeobj(200) Tyne Valley\platforms\wirefencerun_l.b3d,,,,,,,,
,,,,,,,,
.freeobj(204) Tyne Valley\platforms\wirefenceend_l.b3d,,,,,,,,
.freeobj(205) Tyne Valley\platforms\postrailpath_l.b3d,,,,,,,,
,,,,,,,,
.freeobj(207) Tyne Valley\grounds\cuttinglargetreestreestwotrack2.b3d,,,,,,,,
.freeobj(208) Tyne Valley\signals\bardonmillgantry2.b3d,,,,,,,,
.freeobj(209) Tyne Valley\walls\simpleriverbridge_l.b3d,,,,,,,,
.freeobj(210) Tyne Valley\grounds\styneviaductbelow.b3d,,,,,,,,
.freeobj(211) Tyne Valley\grounds\groundforembankments.b3d,,,,,,,,
.freeobj(212) Tyne Valley\grounds\riverbelow75m.b3d,,,,,,,,
.freeobj(213) Tyne Valley\grounds\cuttingtreesleftriverright_l.b3d,,,,,,,,
.freeobj(214) Tyne Valley\grounds\shrubscycle2track.b3d,,,,,,,,
,,,,,,,,
.freeobj(217) Tyne Valley\platforms\fenceleft.b3d,,,,,,,,
.freeobj(218) Tyne Valley\buildings\myshelter.b3d,,,,,,,,
,,,,,,,,
.freeobj(223) Tyne Valley\walls\forest4_l.b3d,,,,,,,,
.freeobj(224) Tyne Valley\tracksigns\45mphtemp.b3d,,,,,,,,
.freeobj(225) Tyne Valley\grounds\grassfields2.b3d,,,,,,,,
.freeobj(226) Tyne Valley\bridges\2trackbridgesteel.b3d,,,,,,,,
.freeobj(227) Tyne Valley\walls\bridge_steel2_l.b3d,,,,,,,,
.freeobj(228) Tyne Valley\walls\bridge_steel2_r.b3d,,,,,,,,
,,,,,,,,
.freeobj(233) Tyne Valley\walls\bushestreestwotrack2lanewallr_l.b3d,,,,,,,,
.freeobj(234) Tyne Valley\walls\bushestreestwotrack2_l.b3d,,,,,,,,
,,,,,,,,
.freeobj(237) Tyne Valley\misc\zafira.b3d,,,,,,,,
,,,,,,,,
.freeobj(241) Tyne Valley\signals\semaphoregreen.b3d,,,,,,,,
,,,,,,,,
.freeobj(243) Tyne Valley\tracksigns\25mph.b3d,,,,,,,,
.freeobj(244) Tyne Valley\trains\Class66.CSV,,,,,,,,
.freeobj(245) Tyne Valley\trains\coalhopper.x,,,,,,,,
.freeobj(246) Tyne Valley\buildings\factory2.b3d,,,,,,,,
,,,,,,,,
.freeobj(248) Tyne Valley\plants\bush1.b3d,,,,,,,,
.freeobj(249) Tyne Valley\walls\thinforest1_l.b3d,,,,,,,,
.freeobj(250) Tyne Valley\walls\thinforest1_r.b3d,,,,,,,,
.freeobj(251) Tyne Valley\buildings\Stephenson.b3d,,,,,,,,
.freeobj(252) Tyne Valley\bridges\culvertfences.b3d,,,,,,,,
.freeobj(253) Tyne Valley\walls\lcwalls.b3d,,,,,,,,
.freeobj(254) Tyne Valley\platforms\corb1.b3d,,,,,,,,
.freeobj(255) Tyne Valley\grounds\feildslhillr.b3d,,,,,,,,
.freeobj(256) Tyne Valley\platforms\corb2.b3d,,,,,,,,
.freeobj(257) Tyne Valley\misc\profcouple.b3d,,,,,,,,
.freeobj(258) Tyne Valley\buildings\mparkoffice.b3d,,,,,,,,
.freeobj(259) Tyne Valley\platforms\corb3.b3d,,,,,,,,
.freeobj(260) Tyne Valley\platforms\corb4.b3d,,,,,,,,
.freeobj(261) Tyne Valley\walls\forest2_r.b3d,,,,,,,,
.freeobj(262) Tyne Valley\buildings\stoneterrace.b3d,,,,,,,,
.freeobj(263) Tyne Valley\bridges\brickedtunnelmouth.b3d,,,,,,,,
.freeobj(264) Tyne Valley\grounds\grassfieldsleft.b3d,,,,,,,,
,,,,,,,,
.freeobj(269) Tyne Valley\bridges\ROADBR2SPAN90.B3D,,,,,,,,
.freeobj(270) Tyne Valley\tracksigns\20mphTSRahead.b3d,,,,,,,,
.freeobj(1270) Tyne Valley\tracksigns\20 TSR.b3d,,,,,,,,
.freeobj(2270) Tyne Valley\tracksigns\TSR ends.b3d,,,,,,,,
,,,,,,,,
.freeobj(271) Tyne Valley\walls\thinforest1hill_r.b3d,,,,,,,,
.freeobj(272) Tyne Valley\tracksigns\20mphtemp.b3d,,,,,,,,
.freeobj(273) Tyne Valley\grounds\cutting2start.b3d,,,,,,,,
.freeobj(274) Tyne Valley\walls\stonewall_highfelling_r.B3D,,,,,,,,
.freeobj(275) Tyne Valley\fences\woodengate.b3d,,,,,,,,
,,,,,,,,
.freeobj(282) Tyne Valley\platforms\platform5UpL.b3d,,,,,,,,
.freeobj(283) Tyne Valley\platforms\platform5UpCL.b3d,,,,,,,,
.freeobj(284) Tyne Valley\buildings\Prudhoehouse.b3d,,,,,,,,
.freeobj(285) Tyne Valley\buildings\prudhoefootbridge.b3d,,,,,,,,
.freeobj(286) Tyne Valley\platforms\platform5UpR.b3d,,,,,,,,
.freeobj(287) Tyne Valley\platforms\platform5UpCR.b3d,,,,,,,,
.freeobj(288) Tyne Valley\platforms\platform5L.b3d,,,,,,,,
.freeobj(289) Tyne Valley\platforms\platform5CL.b3d,,,,,,,,
,,,,,,,,
.freeobj(291) Tyne Valley\platforms\platform5R.b3d,,,,,,,,
.freeobj(292) Tyne Valley\platforms\platform5CR.b3d,,,,,,,,
.freeobj(293) Tyne Valley\fences\darkdiagonal.b3d,,,,,,,,
.freeobj(1293) Tyne Valley\fences\darkdiagonal_platform ends.b3d,,,,,,,,
.freeobj(1294) Tyne Valley\fences\darkdiagonal_platform starts.b3d,,,,,,,,
.freeobj(294) Tyne Valley\walls\bluewirefence.b3d,,,,,,,,
.freeobj(295) Tyne Valley\platforms\platform5DownL.b3d,,,,,,,,
.freeobj(296) Tyne Valley\platforms\platform5DownCL.b3d,,,,,,,,
.freeobj(297) Tyne Valley\signals\prudhoegantry.b3d,,,,,,,,
.freeobj(298) Tyne Valley\buildings\factory1.b3d,,,,,,,,
,,,,,,,,
.freeobj(302) Tyne Valley\walls\forest4_r.b3d,,,,,,,,
,,,,,,,,
.freeobj(305) Tyne Valley\bridges\metalbridge.b3d,,,,,,,,
,,,,,,,,
.freeobj(317) Tyne Valley\grounds\forestfloor1.b3d,,,,,,,,
.freeobj(318) Tyne Valley\grounds\golfcours.b3d,,,,,,,,
.freeobj(319) Tyne Valley\walls\stonewall_high_r.b3d,,,,,,,,
,,,,,,,,
.freeobj(321) Tyne Valley\walls\wall_brick1_away_r.b3d,,,,,,,,
.freeobj(322) Tyne Valley\plants\Tree1.b3d,,,,,,,,
.freeobj(323) Tyne Valley\plants\Tree2.b3d,,,,,,,,
,,,,,,,,
.freeobj(325) Tyne Valley\misc\jillandjulia.b3d,,,,,,,,
.freeobj(326) Tyne Valley\fences\darkdiagonalshort.b3d,,,,,,,,
.freeobj(327) Tyne Valley\misc\people1.b3d,,,,,,,,
.freeobj(328) Tyne Valley\platforms\platform5DownR.b3d,,,,,,,,
.freeobj(329) Tyne Valley\platforms\platform5DownCR.b3d,,,,,,,,
,,,,,,,,
.freeobj(331) Tyne Valley\walls\stonewall_high_l.B3D,,,,,,,,
,,,,,,,,
.freeobj(335) Tyne Valley\roads\road2.b3d,,,,,,,,
.freeobj(336) Tyne Valley\bridges\roadbr4span.b3d,,,,,,,,
,,,,,,,,
.freeobj(337) Tyne Valley\plants\eptree1.b3d,,,,,,,,
,,,,,,,,
.freeobj(341) Tyne Valley\walls\woodfence1_r.b3d,,,,,,,,
,,,,,,,,
.freeobj(344) Tyne Valley\buildings\HolidayInnExpress.b3d,,,,,,,,
.freeobj(2344) Tyne Valley\buildings\travelodge.b3d,,,,,,,,
.freeobj(345) Tyne Valley\bridges\derwent.b3d,,,,,,,,
.freeobj(346) Tyne Valley\tracksigns\45mph.b3d,,,,,,,,
,,,,,,,,
.freeobj(348) Tyne Valley\walls\mcentrecoachpark._l.b3d,,,,,,,,
.freeobj(349) Tyne Valley\buildings\carpark.b3d,,,,,,,,
.freeobj(350) Tyne Valley\buildings\MetroLand.b3d,,,,,,,,
.freeobj(351) Tyne Valley\walls\wall_brick1_high_r.B3D,,,,,,,,
.freeobj(352) Tyne Valley\signs\timetable.csv,,,,,,,,
.freeobj(353) Tyne Valley\buildings\MCFootbridge.b3d,,,,,,,,
,,,,,,,,
.freeobj(354) Tyne Valley\grounds\singlecarriageway-5.b3d,,,,,,,,
.freeobj(9456) Tyne Valley\grounds\dualcarriagewayv2-5.b3d,,,,,,,,
,,,,,,,,
.freeobj(356) Tyne Valley\plants\multibush1.b3d,,,,,,,,
,,,,,,,,
.freeobj(362) Tyne Valley\walls\bridge_steel1_l.b3d,,,,,,,,
.freeobj(363) Tyne Valley\walls\bridge_steel1_r.b3d,,,,,,,,
.freeobj(364) Tyne Valley\plants\trees1.b3d,,,,,,,,
,,,,,,,,
.freeobj(370) Tyne Valley\bridges\sloping footbridge.b3d,,,,,,,,
.freeobj(371) Tyne Valley\buildings\dunstonshelter.b3d,,,,,,,,
,,,,,,,,
.freeobj(373) Tyne Valley\buildings\detachedhouse.b3d,,,,,,,,
.freeobj(374) Tyne Valley\walls\bridge_concrete1_fence_l.b3d,,,,,,,,
.freeobj(375) Tyne Valley\walls\bridge_concrete1_fence_r.b3d,,,,,,,,
,,,,,,,,
.freeobj(381) Tyne Valley\tracksigns\40mph.b3d,,,,,,,,
.freeobj(382) Tyne Valley\buildings\newburyhouses.csv,,,,,,,,
.freeobj(383) Tyne Valley\walls\tunnel_wall_l.b3d,,,,,,,,
.freeobj(384) Tyne Valley\walls\tunnel_wall_r.b3d,,,,,,,,
.freeobj(385) Tyne Valley\tracks\dark_1000.b3d,,,,,,,,
.freeobj(386) Tyne Valley\tracks\dark_500.b3d,,,,,,,,
.freeobj(387) Tyne Valley\walls\wall_brick1_high_l.b3d,,,,,,,,
.freeobj(388) Tyne Valley\walls\wall_brick1_low_l.b3d,,,,,,,,
.freeobj(389) Tyne Valley\poles\pole_DB3.x,,,,,,,,
.freeobj(390) Tyne Valley\tracks\brown1000_overhead.b3d,,,,,,,,
.freeobj(391) Tyne Valley\poles\pole_DB1.b3d,,,,,,,,
.freeobj(392) Tyne Valley\walls\wall_brick1_low_r.b3d,,,,,,,,
.freeobj(393) Tyne Valley\signals\gantrybar.b3d,,,,,,,,
,,,,,,,,
.freeobj(396) Tyne Valley\signals\KEBgantry.x,,,,,,,,
.freeobj(397) Tyne Valley\buildings\riverside1.b3d,,,,,,,,
.freeobj(1397) Tyne Valley\buildings\riverside2.b3d,,,,,,,,
,,,,,,,,
.freeobj(398) Tyne Valley\tracks\NCLELEFT.B3D,,,,,,,,
.freeobj(399) Tyne Valley\fences\woodfenceWhite1.b3d,,,,,,,,
.freeobj(400) Tyne Valley\walls\bridge_steel3forthst_r.b3d,,,,,,,,
.freeobj(401) Tyne Valley\walls\brickviaductrailwayst_r.b3d,,,,,,,,
.freeobj(402) Tyne Valley\nclp6\west canopystarts.b3d,,,,,,,,
.freeobj(403) Tyne Valley\buildings\newcastlewatertower.b3d,,,,,,,,
,,,,,,,,
.freeobj(404) Tyne Valley\nclp6\west canopy1.b3d,,,,,,,,
.freeobj(405) Tyne Valley\nclp6\p6starts.b3d,,,,,,,,
.freeobj(406) Tyne Valley\nclp6\p6part2.b3d,,,,,,,,
.freeobj(407) Tyne Valley\nclp6\p6centre.b3d,,,,,,,,
.freeobj(408) Tyne Valley\nclp6\p6bridge.b3d,,,,,,,,
.freeobj(409) Tyne Valley\nclp6\p6passage.b3d,,,,,,,,
.freeobj(410) Tyne Valley\nclp6\p6ends.b3d,,,,,,,,
.freeobj(411) Tyne Valley\nclp6\p6east1.b3d,,,,,,,,
,,,,,,,,
.freeobj(414) Tyne Valley\tracks\switch_brown_overheadLL.b3d,,,,,,,,
.freeobj(415) Tyne Valley\tracks\switch_brown_overheadRR.b3d,,,,,,,,
,,,,,,,,
.freeobj(418) Tyne Valley\tracksigns\65mph.b3d,,,,,,,,
.freeobj(419) Tyne Valley\tracks\switch_brownRR.b3d,,,,,,,,
.freeobj(420) Tyne Valley\platforms\metrorh2islandnoshelter.b3d,,,,,,,,
.freeobj(421) Tyne Valley\platforms\metrorh2islandend.b3d,,,,,,,,
.freeobj(422) Tyne Valley\platforms\fallingrampredfence.b3d,,,,,,,,
.freeobj(423) Tyne Valley\buildings\Hochhaus_mod3.b3d,,,,,,,,
.freeobj(424) Tyne Valley\platforms\metrorh2islandstart.b3d,,,,,,,,
.freeobj(425) Tyne Valley\platforms\metrorh2island.b3d,,,,,,,,
.freeobj(426) Tyne Valley\bridges\ROADBRfelling.B3D,,,,,,,,
.freeobj(427) Tyne Valley\buildings\Brandling.b3d,,,,,,,,
.freeobj(428) Tyne Valley\walls\bluewirefence._r.b3d,,,,,,,,
.freeobj(429) Tyne Valley\walls\wall_concrete_high_r.b3d,,,,,,,,
,,,,,,,,
.freeobj(431) Tyne Valley\walls\wall_concrete_high_l.b3d,,,,,,,,
.freeobj(432) Tyne Valley\walls\wall_concrete_high_away_r.b3d,,,,,,,,
.freeobj(433) Tyne Valley\grounds\cuttingtrees_l.b3d,,,,,,,,
.freeobj(434) Tyne Valley\plants\mytrees1r.b3d,,,,,,,,
.freeobj(11434) Tyne Valley\plants\mytrees1l.b3d,,,,,,,,
.freeobj(435) Tyne Valley\grounds\cuttingstartstrees_l.b3d,,,,,,,,
.freeobj(436) Tyne Valley\grounds\cuttingintermediatetrees_l.b3d,,,,,,,,
,,,,,,,,
.freeobj(439) Tyne Valley\bridges\underbridgeconcrete.b3d,,,,,,,,
,,,,,,,,
.freeobj(448) Tyne Valley\walls\woodfence2Tom_l.b3d,,,,,,,,
,,,,,,,,
.freeobj(450) Tyne Valley\buildings\portacabinright.b3d,,,,,,,,
.freeobj(451) Tyne Valley\grounds\ballast19m.b3d,,,,,,,,
.freeobj(452) Tyne Valley\poles\pole_EP3span.b3d,,,,,,,,
,,,,,,,,
.freeobj(455) Tyne Valley\buildings\portacabinleft.b3d,,,,,,,,
,,,,,,,,
.freeobj(468) Tyne Valley\bridges\stoneunderbridge.b3d,,,,,,,,
.freeobj(469) Tyne Valley\trains\Class 156 Yorks_1.b3d,,,,,,,,
.freeobj(470) Tyne Valley\trains\Class 156 Yorks_2.b3d,,,,,,,,
,,,,,,,,
.freeobj(473) Tyne Valley\tracks\dark_-500_overhead.B3D,,,,,,,,
.freeobj(474) Tyne Valley\tracks\dark-300_overhead.B3D,,,,,,,,
.freeobj(475) Tyne Valley\tracks\dark_overhead.b3d,,,,,,,,
.freeobj(476) Tyne Valley\tracks\switch_dark_overheadRL.b3d,,,,,,,,
.freeobj(477) Tyne Valley\tracks\switch_dark_overheadLR.b3d,,,,,,,,
.freeobj(478) Tyne Valley\tracks\dark_150_overhead.B3D,,,,,,,,
.freeobj(479) Tyne Valley\tracks\dark_-150_overhead.B3D,,,,,,,,
,,,,,,,,
.freeobj(482) Tyne Valley\tracksigns\20mph.b3d,,,,,,,,
,,,,,,,,
.freeobj(501) brsigs\awsmagnet_1.x,,,,,,,,
.freeobj(502) Brsigs\aws_tsr_2.x,,,,,,,,
.freeobj(521) BrSema4Sigs\posts\tub\post_21.x,,,,,,,,
,,,,,,,,
.freeobj(601) Tyne Valley\walls\blaydonburn_l.b3d,,,,,,,,
.freeobj(602) Tyne Valley\tracks\brown-1400.b3d,,,,,,,,
.freeobj(603) Tyne Valley\tracks\brown1400.b3d,,,,,,,,
.freeobj(604) Tyne Valley\tracks\brown-700.b3d,,,,,,,,
.freeobj(605) Tyne Valley\tracks\brown700.b3d,,,,,,,,
.freeobj(606) Tyne Valley\nclp6\p5starts.b3d,,,,,,,,
.freeobj(607) Tyne Valley\tracks\brown5m.b3d,,,,,,,,
,,,,,,,,
.freeobj(1608) Tyne Valley\nclp6\PlatformR_300R_RU_0.csv,,,,,,,,
.freeobj(1609) Tyne Valley\nclp6\PlatformL_300R_RU_0.csv,,,,,,,,
.freeobj(1610) Tyne Valley\nclp6\PlatformR_300R_0.csv,,,,,,,,
.freeobj(1611) Tyne Valley\nclp6\PlatformL_300R_0.csv,,,,,,,,
.freeobj(1612) Tyne Valley\nclp6\PlatformR_1400R_0.csv,,,,,,,,
.freeobj(1613) Tyne Valley\nclp6\PlatformL_1400R_0.csv,,,,,,,,
.freeobj(1614) Tyne Valley\nclp6\PlatformR_Str_0.csv,,,,,,,,
.freeobj(1615) Tyne Valley\nclp6\PlatformL_Str_0.csv,,,,,,,,
.freeobj(1616) Tyne Valley\nclp6\PlatformR_Str_RD_0.csv,,,,,,,,
.freeobj(1617) Tyne Valley\nclp6\PlatformL_Str_RD_0.csv,,,,,,,,
,,,,,,,,
,,,,,,,,
.freeobj(608) Tyne Valley\nclp6\p2east.b3d,,,,,,,,
.freeobj(609) Tyne Valley\tracksigns\40mphPSRahead.b3d,,,,,,,,
.freeobj(610) Tyne Valley\tracksigns\30mph.b3d,,,,,,,,
.freeobj(611) Tyne Valley\nclp6\farwall.B3D,,,,,,,,
.freeobj(612) Tyne Valley\bridges\tynebridge.b3d,,,,,,,,
.freeobj(613) Tyne Valley\buildings\keep.b3d,,,,,,,,
.freeobj(614) Tyne Valley\buildings\postoffice.b3d,,,,,,,,
.freeobj(615) Tyne Valley\grounds\ballast13mnoground.b3d,,,,,,,,
.freeobj(616) Tyne Valley\buildings\calecrosshouse.b3d,,,,,,,,
.freeobj(617) Tyne Valley\buildings\gatesheadblg1.b3d,,,,,,,,
.freeobj(618) Tyne Valley\buildings\gatesheadblg2.b3d,,,,,,,,
,,,,,,,,
.freeobj(619) Tyne Valley\tracks\5mpatchbrown.B3D,,,,,,,,
.freeobj(1619) Tyne Valley\tracks\1mpatchbrown.b3d,,,,,,,,
,,,,,,,,
.freeobj(620) Tyne Valley\buildings\blackgate.b3d,,,,,,,,
.freeobj(621) Tyne Valley\buildings\milburnhouse.b3d,,,,,,,,
.freeobj(622) Tyne Valley\buildings\classicoffice.b3d,,,,,,,,
.freeobj(623) Tyne Valley\buildings\terracedshops1.b3d,,,,,,,,
.freeobj(624) Tyne Valley\buildings\sage.b3d,,,,,,,,
,,,,,,,,
.freeobj(625) Tyne Valley\tracksigns\15mph.b3d,,,,,,,,
.freeobj(655) Tyne Valley\tracksigns\55mph.b3d,,,,,,,,
.freeobj(660) Tyne Valley\tracksigns\60mph.b3d,,,,,,,,
.freeobj(670) Tyne Valley\tracksigns\70mph.b3d,,,,,,,,
,,,,,,,,
.freeobj(715) Tyne Valley\buildings\lifecentre.b3d,,,,,,,,
.freeobj(718) Tyne Valley\buildings\buildingrear.b3d,,,,,,,,
.freeobj(725) Tyne Valley\buildings\manorsoffices.b3d,,,,,,,,
,,,,,,,,
.freeobj(772) Tyne Valley\buildings\factory5.b3d,,,,,,,,
,,,,,,,,
;signs,,,,,,,,
.freeobj(802) Tyne Valley\signs\donotcross.x,,,,,,,,
.freeobj(849) Tyne Valley\signs\platform2.b3d,,,,,,,,
.freeobj(850) Tyne Valley\signs\platform1.b3d,,,,,,,,
,,,,,,,,
;misc,,,,,,,,
.freeobj(900) Tyne Valley\grounds\road_basic.b3d,,,,,,,,
.freeobj(901) Tyne Valley\grounds\roadpavements-5.b3d,,,,,,,,
.freeobj(902) Tyne Valley\grounds\grass3.b3d,,,,,,,,
.freeobj(903) Tyne Valley\buildings\footcrossinggates.b3d,,,,,,,,
.freeobj(904) Tyne Valley\walls\newhedge_l.b3d,,,,,,,,
.freeobj(905) Tyne Valley\fences\black metal fence.b3d,,,,,,,,
.freeobj(906) Tyne Valley\misc\arrivalamppost.b3d,,,,,,,,
,,,,,,,,
.freeobj(911) Tyne Valley\buildings\factory_l_6.b3d,,,,,,,,
.freeobj(912) Tyne Valley\buildings\hyltonrear.b3d,,,,,,,,
.freeobj(913) Tyne Valley\buildings\ghdfactory.b3d,,,,,,,,
.freeobj(914) Tyne Valley\buildings\apartmentstone.b3d,,,,,,,,
.freeobj(915) Tyne Valley\buildings\highlevelrdbldg.b3d,,,,,,,,
.freeobj(916) Tyne Valley\buildings\2storeyflatroofshop.b3d,,,,,,,,
.freeobj(917) Tyne Valley\buildings\halfmoonlane.b3d,,,,,,,,
,,,,,,,,
.freeobj(930) Tyne Valley\tracks\switch_brownLR_300.b3d,,,,,,,,
.freeobj(931) Tyne Valley\tracks\switch_brownLR_-300.b3d,,,,,,,,
,,,,,,,,
.freeobj(941) Tyne Valley\walls\bushestrees3_l.b3d,,,,,,,,
,,,,,,,,
.freeobj(952) Tyne valley\bridges\bridgepillar.b3d,,,,,,,,
.freeobj(953) Tyne Valley\bridges\newroadviaduct.b3d,,,,,,,,
.freeobj(954) Tyne Valley\bridges\newroadviaductwalls.b3d,,,,,,,,
.freeobj(955) Tyne Valley\bridges\askewroad.b3d,,,,,,,,
,,,,,,,,
.freeobj(959) Tyne Valley\trains\142.b3d,,,,,,,,
.freeobj(960) Tyne Valley\trains\142_2.b3d,,,,,,,,
.freeobj(961) Tyne Valley\misc\cyclistF.b3d,,,,,,,,
.freeobj(962) Tyne Valley\misc\cyclistM.b3d,,,,,,,,
,,,,,,,,
.freeobj(971) Tyne valley\buildings\factoryblock.b3d,,,,,,,,
.freeobj(972) Tyne valley\buildings\stmarys_spire.b3d,,,,,,,,
.freeobj(973) Tyne valley\buildings\belsayhall.b3d,,,,,,,,
,,,,,,,,
.freeobj(1352) Tyne Valley\walls\stoneviaduct_2track_underbridge.b3d,,,,,,,,
.freeobj(1353) Tyne Valley\walls\stoneviaduct_4track_underbridge.b3d,,,,,,,,
.freeobj(1354) Tyne Valley\walls\stoneviaductnohandrail_l.b3d,,,,,,,,
.freeobj(1355) Tyne Valley\walls\stoneviaductnohandrail_xtd_l.b3d,,,,,,,,
.freeobj(1356) Tyne Valley\walls\stoneviaductnohandrail_short_l.b3d,,,,,,,,
.freeobj(1357) Tyne Valley\walls\stoneviaductnohandrail_shorter_l.b3d,,,,,,,,
,,,,,,,,
.freeobj(9113) Tyne Valley\signals\theatreboxfive.x,,,,,,,,
,,,,,,,,
;vehicles indexed for randomising,,,,,,,,
.freeobj(1601) Tyne Valley\lorries\Arriva Volvo B6.csv,,,,,,,,
.freeobj(1602) Tyne Valley\lorries\Bova Futura.csv,,,,,,,,
.freeobj(1603) Tyne Valley\lorries\Nat Express.csv,,,,,,,,
,,,,,,,,
.freeobj(9315) Tyne Valley\fences\woodpanelleft.x,,,,,,,,
,,,,,,,,
;bridges,,,,,,,,
.freeobj(9441) Tyne Valley\bridges\dunstonbridge.x,,,,,,,,
.freeobj(9353) Tyne Valley\walls\concretebridgehandrail25m_l.b3d,,,,,,,,
,,,,,,,,
;25m underbridge abutments,,,,,,,,
.freeobj(9471) Tyne Valley\bridges\25mbridgeundersidered.b3d,,,,,,,,
.freeobj(9472) Tyne Valley\bridges\25mbridgeundersidegrey.b3d,,,,,,,,
.freeobj(9474) Tyne Valley\bridges\25mbridgeundersideconcrete.b3d,,,,,,,,
,,,,,,,,
,,,,,,,,
;6m wide standard country platforms 2009 rebuild,,,,,,,,
.freeobj(11231) Tyne Valley\platforms\Country1_l.x,,,,,,,,
.freeobj(11232) Tyne Valley\platforms\Country2_l.x,,,,,,,,
.freeobj(11233) Tyne Valley\platforms\Country3_l.x,,,,,,,,
,,,,,,,,
.freeobj(11236) Tyne Valley\platforms\Country2OOU_l.x,,,,,,,,
.freeobj(11237) Tyne Valley\platforms\Country3OOU_l.x,,,,,,,,
,,,,,,,,
.freeobj(11241) Tyne Valley\platforms\Country1_r.x,,,,,,,,
.freeobj(11242) Tyne Valley\platforms\Country2_r.x,,,,,,,,
.freeobj(11243) Tyne Valley\platforms\Country3_r.x,,,,,,,,
,,,,,,,,
.freeobj(11246) Tyne Valley\platforms\Country2OOU_r.x,,,,,,,,
.freeobj(11247) Tyne Valley\platforms\Country3OOU_r.x,,,,,,,,
,,,,,,,,
.freeobj(11251) Tyne Valley\platforms\blaydon1_l.x,,,,,,,,
.freeobj(11252) Tyne Valley\platforms\blaydon2_l.x,,,,,,,,
.freeobj(11256) Tyne Valley\platforms\blaydon2OOU_l.x,,,,,,,,
.freeobj(11257) Tyne Valley\platforms\blaydon3OOU_l.x,,,,,,,,
,,,,,,,,
.freeobj(11261) Tyne Valley\platforms\blaydon1_r.x,,,,,,,,
.freeobj(11262) Tyne Valley\platforms\blaydon2_r.x,,,,,,,,
.freeobj(11266) Tyne Valley\platforms\blaydon2OOU_r.x,,,,,,,,
.freeobj(11267) Tyne Valley\platforms\blaydon3OOU_r.x,,,,,,,,
,,,,,,,,
,,,,,,,,
;signal post numbers,,,,,,,,
.freeobj(11001) Tyne Valley\signals\signal_post_T.x,,,,,,,,
.freeobj(11002) Tyne Valley\signals\signal_post_M.x,,,,,,,,
.freeobj(11003) Tyne Valley\signals\signal_post_A.x,,,,,,,,
.freeobj(11004) Tyne Valley\signals\signal_post_TW.x,,,,,,,,
.freeobj(11005) Tyne Valley\signals\signal_post_suffix_R.x,,,,,,,,
.freeobj(11006) Tyne Valley\signals\signal_post_suffix_BR.x,,,,,,,,
.freeobj(11011) Tyne Valley\signals\postnumber1_1.x,,,,,,,,
.freeobj(11012) Tyne Valley\signals\postnumber1_2.x,,,,,,,,
.freeobj(11015) Tyne Valley\signals\postnumber1_5.x,,,,,,,,
.freeobj(11016) Tyne Valley\signals\postnumber1_6.x,,,,,,,,
.freeobj(11020) Tyne Valley\signals\postnumber2_0.x,,,,,,,,
.freeobj(11021) Tyne Valley\signals\postnumber2_1.x,,,,,,,,
.freeobj(11022) Tyne Valley\signals\postnumber2_2.x,,,,,,,,
.freeobj(11023) Tyne Valley\signals\postnumber2_3.x,,,,,,,,
.freeobj(11024) Tyne Valley\signals\postnumber2_4.x,,,,,,,,
.freeobj(11025) Tyne Valley\signals\postnumber2_5.x,,,,,,,,
.freeobj(11026) Tyne Valley\signals\postnumber2_6.x,,,,,,,,
.freeobj(11027) Tyne Valley\signals\postnumber2_7.x,,,,,,,,
.freeobj(11028) Tyne Valley\signals\postnumber2_8.x,,,,,,,,
.freeobj(11030) Tyne Valley\signals\postnumber3_0.x,,,,,,,,
.freeobj(11031) Tyne Valley\signals\postnumber3_1.x,,,,,,,,
.freeobj(11032) Tyne Valley\signals\postnumber3_2.x,,,,,,,,
.freeobj(11033) Tyne Valley\signals\postnumber3_3.x,,,,,,,,
.freeobj(11034) Tyne Valley\signals\postnumber3_4.x,,,,,,,,
.freeobj(11035) Tyne Valley\signals\postnumber3_5.x,,,,,,,,
.freeobj(11036) Tyne Valley\signals\postnumber3_6.x,,,,,,,,
.freeobj(11037) Tyne Valley\signals\postnumber3_7.x,,,,,,,,
.freeobj(11038) Tyne Valley\signals\postnumber3_8.x,,,,,,,,
.freeobj(11039) Tyne Valley\signals\postnumber3_9.x,,,,,,,,
,,,,,,,,
,,,,,,,,
Signal(1).Load brsigs\signal2g; brsigs\glow2g,,,,,,,,
Signal(2).Load brsigs\signal2y; brsigs\glow2y,,,,,,,,
Signal(3).Load brsigs\signal3; brsigs\glow3,,,,,,,,
Signal(4).Load brsigs\signal4yg; brsigs\glow4yg,,,,,,,,
Signal(5).Load brsigs\repeat; brsigs\glowrepeat,,,,,,,,
Signal(6).Load brsigs\signal3featherl; brsigs\glow3featherl,,,,,,,,
Signal(7).Load brsigs\signal3featherr; brsigs\glow3featherr,,,,,,,,
Signal(8).Load brsigs\signal4ygfeatherl; brsigs\glow4ygfeatherl,,,,,,,,
Signal(9).Load brsigs\signal4ygfeatherr; brsigs\glow4ygfeatherr,,,,,,,,
Signal(10).Load brsigs\signal2callon; brsigs\glow2g,,,,,,,,
Signal(11).Load brsigs\signal3callon; brsigs\glow3,,,,,,,,
Signal(12).Load brsigs\signal4callon; brsigs\glow4yg,,,,,,,,
Signal(13).Load brsigs\signal2gy; brsigs\glow2gy,,,,,,,,
,,,,,,,,
Signal(20).Load BrSema4Sigs\stop_arm_d; BrSema4Sigs\glownull,    ;; use the appropriate glow,,,,,,,
Signal(21).Load BrSema4Sigs\dist_arm_d; BrSema4Sigs\glownull,    ;;  (see above),,,,,,,
Signal(22).Load BrSema4Sigs\mini_arm_d; BrSema4Sigs\glownull;,,,,,,,,
,,,,,,,,
Signal(31).Load Tyne Valley\signals\off;,,,,,,,,
Signal(32).Load Tyne Valley\signals\ground;,,,,,,,,
,,,,,,,,
Signal(65).Load Tyne Valley\signals\theatreboxfive; Tyne Valley\signals\glow4yg,,,,,,,,
,,,,,,,,
Signal(52).Load Tyne Valley\signals\signal52featherr; Tyne Valley\signals\glow3,,,,,,,,
,,,,,,,,
.Beacon(0) \brsigs\aws_null_0.x,,,,,,,,
.Beacon(1) brsigs\awsmagnet_1.x,,,,,,,,
.Beacon(2) Brsigs\aws_tsr_2.x,,,,,,,,
,,,,,,,,
with Texture,,,,,,,,
texture.background(0) Tyne Valley\backgrounds\epsky3.BMP,,,,,,,,
texture.background(1) Tyne Valley\backgrounds\epsky4.BMP,,,,,,,,
,,,,,,,,
with Track,,,,,,,,
,,,,,,,,
,,,,,,,,
85350,,,,,,,,
.adhesion 255,,,,,,,,
.limit 64,,,,,,,,
.curve 0;0,,,,,,,,
.back 0,,,,,,,,
.pitch 0,,,,,,,,
,,,,,,,,
.sta Swalwell Jcn;10.0630;10.0700;1;1;1;;;20;1;,,,,,,,,
,,,,,,,,
.railtype 0;4,,,,,,,,
.railstart 1;-4;0;4,,,,,,,,
.freeobj 1;345,,,,,,,,
.ground 37,,,,,,,,
,,,,,,,,
85375,,,,,,,,
.freeobj 1;345,,,,,,,,
.freeobj 1;953;82;-2;77,,,,,,,,
,,,,,,,,
85400,,,,,,,,
.freeobj 1;345,,,,,,,,
,,,,,,,,
85425,,,,,,,,
.pitch -2.69542,,,,,,,,
.freeobj 0;434;69;-1;-90,,,,,,,,
.ground 48,,,,,,,,
.wall 1;-1;136, .wall 0;1;136,,,,,,,
.freeobj 1;434;-4;-5;-90,,,,,,,,
.freeobj 1;434;-29;-5;-90,,,,,,,,
.freeobj 1;434;-54;-5;-90,,,,,,,,
,,,,,,,,
85430,,,,,,,,
.freeobj 1;381;-0.3,,,,,,,,
.limit 65,,,,,,,,
.freeobj 0;434;27;-2;-90,,,,,,,,
.freeobj 0;434;50;-2;-90,,,,,,,,
,,,,,,,,
85448,,,,,,,,
.freeobj 0;248;6;-1;22,,,,,,,,
,,,,,,,,
85450,,,,,,,,
.freeobj 1;258;-16;-0.02;-33,,,,,,,,
,,,,,,,,
85453,,,,,,,,
.freeobj 1;248;-2.7;-3;-90,,,,,,,,
,,,,,,,,
85458,,,,,,,,
.freeobj 0;248;6;-1;22,,,,,,,,
.freeobj 1;248;-2.7;-3;-90,,,,,,,,
,,,,,,,,
85463,,,,,,,,
.freeobj 1;248;-2.7;-3;-90,,,,,,,,
,,,,,,,,
85468,,,,,,,,
.freeobj 0;248;6;-1;22,,,,,,,,
.freeobj 1;248;-2.7;-3;-90,,,,,,,,
,,,,,,,,
85473,,,,,,,,
.freeobj 1;258;-26;0;-33,,,,,,,,
.freeobj 1;248;-2.7;-3;-90,,,,,,,,
,,,,,,,,
85478,,,,,,,,
.freeobj 0;248;6;-1;22,,,,,,,,
,,,,,,,,
85488,,,,,,,,
.freeobj 0;248;6;-1;22,,,,,,,,
,,,,,,,,
85496,,,,,,,,
.freeobj 1;258;-36;0;-33,,,,,,,,
,,,,,,,,
85498,,,,,,,,
.freeobj 0;248;6;-1;22,,,,,,,,
,,,,,,,,
85500,,,,,,,,
.curve 1400;15,,,,,,,,
.railtype 0;32, .railtype 1;32,,,,,,,
.freeobj 1;248;-5;-3;-32,,,,,,,,
,,,,,,,,
85508,,,,,,,,
.freeobj 0;248;6;-1;22,,,,,,,,
.freeobj 1;248;-5;-2;-32,,,,,,,,
,,,,,,,,
85519,,,,,,,,
.freeobj 1;258;-46;0;-33,,,,,,,,
.freeobj 1;248;-5;-2;-32,,,,,,,,
,,,,,,,,
85542,,,,,,,,
.freeobj 1;258;-56;0;-33,,,,,,,,
.freeobj 1;248;-5;-2;-32,,,,,,,,
,,,,,,,,
85544,,,,,,,,
.freeobj 0;322;9;-0.5;22,,,,,,,,
,,,,,,,,
85550,,,,,,,,
.curve 700;10,,,,,,,,
.railtype 0;34, .railtype 1;34,,,,,,,
.freeobj 1;248;-5;-2;-32,,,,,,,,
,,,,,,,,
85558,,,,,,,,
.freeobj 0;322;9;-0.5;22,,,,,,,,
.freeobj 1;248;-5;-2;-32,,,,,,,,
,,,,,,,,
85562,,,,,,,,
.stop 0;1;1,,,,,,,,
,,,,,,,,
85572,,,,,,,,
.freeobj 0;322;9;-0.5;22,,,,,,,,
.freeobj 1;248;-5;-2;-32,,,,,,,,
,,,,,,,,
85575,,,,,,,,
.curve 500;15,,,,,,,,
.railtype 0;12, .railtype 1;12,,,,,,,
,,,,,,,,
85586,,,,,,,,
.SigF 32; 1;1.8, .Section 0;4,,,,,,,
.freeobj 0;322;9;-0.5;22,,,,,,,,
.freeobj 1;248;-5;-2;-32,,,,,,,,
,,,,,,,,
85600,,,,,,,,
.curve -157;32,,,,,,,,
.pitch 1.56,,,,,,,,
.wallend 0,,,,,,,,
.railtype 1;4, .railtype 0;3,,,,,,,
.railstart 15;0;0;3 ;point sound trigger,,,,,,,,
.freeobj 15;57,,,,,,,,
.freeobj 1;725;-64;1;-9,,,,,,,,
.freeobj 0;322;9;-0.5;22,,,,,,,,
.freeobj 1;248;-5;-2;-32,,,,,,,,
.freeobj 0;136;0;;4.55,,,,,,,,
,,,,,,,,
85625,,,,,,,,
.curve 157,,,,,,,,
.railtype 0;3,,,,,,,,
.railend 1;-2.02,  .wallend 1,,,,,,,
.railstart 1;2;0;4, .wall 1;1;136,,,,,,,
.rail 15;2,,,,,,,,
.freeobj 0;248;7;-1;22,,,,,,,,
.freeobj 0;248;-7;-2;-32,,,,,,,,
.freeobj 0;138;-2;;4.55,,,,,,,,
,,,,,,,,
85632,,,,,,,,
.freeobj 1;323;9;-0.5;22,,,,,,,,
,,,,,,,,
85638,,,,,,,,
.freeobj 1;322;9;-0.5;22,,,,,,,,
.freeobj 0;248;-5;-2;-32,,,,,,,,
,,,,,,,,
85644,,,,,,,,
.freeobj 1;337;9;-0.5;22,,,,,,,,
,,,,,,,,
85650,,,,,,,,
.curve 326;32,,,,,,,,
.railtype 0;13,,,,,,,,
.rail 1;4;0;13,,,,,,,,
.railend 15;0,,,,,,,,
.wall 0;-1;136,,,,,,,,
.freeobj 0;57;;;177.83,,,,,,,,
.freeobj 0;725;-34;1;-22,,,,,,,,
.freeobj 0;725;-58;1;75,,,,,,,,
.freeobj 1;323;9;-0.5;22,,,,,,,,
.freeobj 0;248;-5;-2;-32,,,,,,,,
,,,,,,,,
85657,,,,,,,,
.freeobj 1;322;9;-0.5;22,,,,,,,,
,,,,,,,,
85663,,,,,,,,
.freeobj 1;337;9;-0.5;22,,,,,,,,
.freeobj 0;248;-5;-2;-32,,,,,,,,
,,,,,,,,
85669,,,,,,,,
.freeobj 1;323;9;-0.5;22,,,,,,,,
,,,,,,,,
85675,,,,,,,,
.freeobj 1;322;9;-0.5;22,,,,,,,,
.freeobj 0;248;-5;-2;-32,,,,,,,,
,,,,,,,,
85695,,,,,,,,
.brightness 255,,,,,,,,
.freeobj 0;248;-5;-2;-32,,,,,,,,
,,,,,,,,
85700,,,,,,,,
.Beacon 44000;1;1;0,,,,,,,,
.freeobj 0;953, .freeobj 0;954,,,,,,,
.brightness 123,,,,,,,,
.freeobj 0;725;-49;1;-29,,,,,,,,
.freeobj 0;381;-0.5;-0.3,,,,,,,,
,,,,,,,,
85710,,,,,,,,
.brightness 255,,,,,,,,
,,,,,,,,
85725,,,,,,,,
.curve 700;10,,,,,,,,
.railtype 0;34, .railtype 1;34,,,,,,,
.freeobj 0;348,,,,,,,,
.wall 0;-1;18, .wallend 1,,,,,,,
,,,,,,,,
85750,,,,,,,,
.curve 0;0,,,,,,,,
.railtype 0;4, .railtype 1;4,,,,,,,
.freeobj 0;348,,,,,,,,
,,,,,,,,
85775,,,,,,,,
.freeobj 0;348,,,,,,,,
,,,,,,,,
85800,,,,,,,,
.freeobj 0;348,,,,,,,,
,,,,,,,,
85825,,,,,,,,
.freeobj 0;348,,,,,,,,
.SigF 3; 1;-2.02;4.51, .Section 0;2;4,,,,,,,
.freeobj 0;52;-2.02;-0.5,,,,,,,,
,,,,,,,,
85850,,,,,,,,
.freeobj 0;348,,,,,,,,
,,,,,,,,
85875,,,,,,,,
.freeobj 0;348,,,,,,,,
,,,,,,,,
85900,,,,,,,,
.freeobj 0;348,,,,,,,,
,,,,,,,,
85921,.freeobj 0;349;78.987;0;2,,,,,,,
,,,,,,,,
85925,,,,,,,,
.freeobj 0;348,,,,,,,,
,,,,,,,,
85944,,,,,,,,
.freeobj 0;350;57.0976;0;-354,,,,,,,,
,,,,,,,,
85950,,,,,,,,
.freeobj 0;348,,,,,,,,
.curve -1400;10,,,,,,,,
.railtype 0;31, .railtype 1;31,,,,,,,
.railstart 2;60;0;3, .wall 2;1;28,,,,,,,
,,,,,,,,
85975,,,,,,,,
.freeobj 0;348,,,,,,,,
.curve -700;18, .railtype 0;33, .railtype 1;33,,,,,,
,,,,,,,,
86000,,,,,,,,
.rail 2;65,,,,,,,,
.freeobj 0;348,,,,,,,,
.freeobj 1;501,,,,,,,,
.curve -500;26, .railtype 0;6, .railtype 1;6,,,,,,
,,,,,,,,
86025,,,,,,,,
.freeobj 0;348,,,,,,,,
,,,,,,,,
86050,,,,,,,,
.rail 2;70,,,,,,,,
.freeobj 0;348,,,,,,,,
,,,,,,,,
86075,,,,,,,,
.freeobj 0;348,,,,,,,,
.curve -700;18, .railtype 0;33, .railtype 1;33,,,,,,
,,,,,,,,
86100,,,,,,,,
.curve -1400;10,,,,,,,,
.railtype 0;31, .railtype 1;31,,,,,,,
.railstart 3;40;0;201,,,,,,,,
.railstart 5;3.7;0;3, .wall 5;1;8,,,,,,,
.freeobj 0;348,,,,,,,,
.wallend 0,,,,,,,,
.railstart 4;-0.1;-0.01;3, .wall 4;-1;136,,,,,,,
.freeobj 4;19,,,,,,,,
,,,,,,,,
86125,,,,,,,,
.rail 3;36,,,,,,,,
.rail 5;10,,,,,,,,
.ground 48,,,,,,,,
.curve 0;0,,,,,,,,
.railtype 0;4, .railtype 1;4,,,,,,,
.rail 4;-0.5,,,,,,,,
.freeobj 4;19,,,,,,,,
,,,,,,,,
86143,,,,,,,,
.freeobj 0;802;-5.5;-1;180, .freeobj 1;802;5.5;-1;180,,,,,,,
,,,,,,,,
86150,,,,,,,,
.rail 3;32,,,,,,,,
.rail 4;-5, .freeobj 4;19,,,,,,,
.rail 5;12,,,,,,,,
.freeobj 0;1201,,,,,,,,
.freeobj 1;1211,,,,,,,,
.railend 2, .wallend 2,,,,,,,
.sta MetroCentre;10.0930;10.1000;1;-1;0;;;20;10;,,,,,,,,
,,,,,,,,
86157,,,,,,,,
.freeobj 0;841,,,,,,,,
.freeobj 1;841;;;180,,,,,,,,
.freeobj 0;2258,,,,,,,,
.freeobj 1;2258;;;180,,,,,,,,
,,,,,,,,
86167,,,,,,,,
.freeobj 0;2258,,,,,,,,
.freeobj 1;2258;;;180,,,,,,,,
,,,,,,,,
86175,,,,,,,,
.rail 4;-9, .freeobj 4;19,,,,,,,
.freeobj 3;4$RND(86;90);2,,,,,,,,
.freeobj 0;1202,,,,,,,,
.freeobj 1;1212,,,,,,,,
.freeobj 0;327;-2.4;0.2,,,,,,,,
.railend 4, .wallend 4,,,,,,,
,,,,,,,,
86187,,,,,,,,
.freeobj 0;2258,,,,,,,,
.freeobj 1;2258;;;180,,,,,,,,
,,,,,,,,
86198,,,,,,,,
.freeobj 0;2258,,,,,,,,
.freeobj 1;2258;;;180,,,,,,,,
,,,,,,,,
86200,,,,,,,,
.rail 3;35,,,,,,,,
.freeobj 3;4$RND(86;90);-2;0;175,,,,,,,,
.freeobj 0;1202,,,,,,,,
.freeobj 1;1212,,,,,,,,
.Stop 0;10;42,,,,,,,,
,,,,,,,,
86209,,,,,,,,
.freeobj 0;2258,,,,,,,,
.freeobj 1;2258;;;180,,,,,,,,
,,,,,,,,
86215,,,,,,,,
.RailBuffer 0;1,,,,,,,,
.freeobj 0; 1602; 0; 0; 0; 0; 0,,,,,,,,
,,,,,,,,
86220,,,,,,,,
.freeobj 0;2258,,,,,,,,
.freeobj 1;2258;;;180,,,,,,,,
,,,,,,,,
86225,,,,,,,,
.rail 3;38,,,,,,,,
.freeobj 3;4$RND(86;90);2,,,,,,,,
.freeobj 0;1203,,,,,,,,
.freeobj 1;1213,,,,,,,,
,,,,,,,,
86231,,,,,,,,
.freeobj 0;353,,,,,,,,
.freeobj 0;2258,,,,,,,,
.freeobj 1;2258;;;180,,,,,,,,
,,,,,,,,
86236,,,,,,,,
.freeobj 0;841,,,,,,,,
.freeobj 1;841;;;180,,,,,,,,
,,,,,,,,
86242,,,,,,,,
.freeobj 0;2258,,,,,,,,
.freeobj 1;2258;;;180,,,,,,,,
,,,,,,,,
86250,,,,,,,,
.rail 3;40,,,,,,,,
.freeobj 3;4$RND(86;90);-2;0;180,,,,,,,,
.freeobj 0;7041, .freeobj 1;802;5.5;-1,,,,,,,
.freeobj 0;138;-5.025;;9.2069,,,,,,,,
.freeobj 0;802;-5.5;-1,,,,,,,,
,,,,,,,,
86252,,,,,,,,
.freeobj 1;346;1.5;;180,,,,,,,,
,,,,,,,,
86275,,,,,,,,
.rail 3;43,,,,,,,,
.freeobj 0;138;-1;;2.3,,,,,,,,
.freeobj 3;4$RND(86;90);2,,,,,,,,
,,,,,,,,
86300,,,,,,,,
.rail 3;47,,,,,,,,
,,,,,,,,
.freeobj 3;4$RND(86;90);-2;0;180,,,,,,,,
.freeobj 0;138,,,,,,,,
,,,,,,,,
86314,,,,,,,,
.brightness 255,,,,,,,,
,,,,,,,,
86315,,,,,,,,
.freeobj 0;2359,,,,,,,,
,,,,,,,,
86317,,,,,,,,
.freeobj 0;48$RND(6;8);5;7.2;90,,,,,,,,
.freeobj 0;48$RND(6;8);22;7.2;90,,,,,,,,
.freeobj 0;48$RND(6;8);-18;7.2;90,,,,,,,,
,,,,,,,,
86320,,,,,,,,
.brightness 99,,,,,,,,
, .wallend 5,,,,,,,
86325,,,,,,,,
.railend 5,,,,,,,,
.brightness 255,,,,,,,,
.freeobj 0;138,,,,,,,,
.ground 11,,,,,,,,
.rail 3;54,,,,,,,,
.freeobj 3;4$RND(86;90);2,,,,,,,,
.freeobj 0;249;0;-4;0,,,,,,,,
.freeobj 0;250;4,,,,,,,,
,,,,,,,,
86350,,,,,,,,
.railend 3;68, .dike 1;1;1,,,,,,,
.ground 45,,,,,,,,
.dike 0;-1;1,,,,,,,,
.freeobj 0;249;;-4.7,,,,,,,,
.freeobj 0;250;4;-4.7,,,,,,,,
,,,,,,,,
86375,,,,,,,,
.freeobj 0;249;;-4.7,,,,,,,,
.freeobj 0;250;4;-4.7,,,,,,,,
,,,,,,,,
86400,,,,,,,,
.ground 45,,,,,,,,
.freeobj 0;249;;-4.7,,,,,,,,
.freeobj 0;250;4;-4.7,,,,,,,,
,,,,,,,,
86425,,,,,,,,
.freeobj 1;52;2.4;-0.38;180,,,,,,,,
.Beacon 44000;1;1;0,.freeobj 0;298;43.7665;-5;-89,,,,,,,
,,,,,,,,
86477.38098,,,,,,,,
,,,,,,,,
86500,,,,,,,,
.freeobj 0;21,,,,,,,,
.freeobj 0;20;4;;0.2112,,,,,,,,
.freeobj 0;9472,,,,,,,,
.ground 0, .dikeend 1,,,,,,,
.curve 500;19, .railtype 1;12,,,,,,,
.dikeend 0,,,,,,,,
.railtype 0;12,,,,,,,,
, .freeobj 0;354;-54;;90,,,,,,,
86510, .freeobj 0;354;33;;90,,,,,,,
.freeobj 0;354;-29;;90,,,,,,,,
.freeobj 0;354;8;;90,,,,,,,,
,,,,,,,,
86525,,,,,,,,
.freeobj 0;249;;-4.7,,,,,,,,
.freeobj 1;9472;;;177, .dike 1;1;1,,,,,,,
.ground 45,,,,,,,,
.dike 0;-1;1,.freeobj 0;298;46.6691;-5;-93,,,,,,,
,,,,,,,,
86530.36775,,,,,,,,
,,,,,,,,
86550,,,,,,,,
.freeobj 0;249;;-4.7,,,,,,,,
,,,,,,,,
86575, .Section 0;2;4,,,,,,,
.freeobj 0;249;;-4.7,,,,,,,,
.SigF 3;1;-2.5;4.5, .freeobj 0;11012;-2.5, .freeobj 0;11025;-2.5, .freeobj 0;11038;-2.5,,,,,
.freeobj 0;52;-2.5;-0.5,,,,,,,,
.freeobj 0;11001;-2.5,,,,,,,,
,,,,,,,,
86600,,,,,,,,
.freeobj 0;249;;-4.7,,,,,,,,
.freeobj 1;501,,,,,,,,
,,,,,,,,
86625,,,,,,,,
.freeobj 0;249;;-4.7,,,,,,,,
,,,,,,,,
86650,,,,,,,,
.freeobj 0;249;;-4.7,,,,,,,,
.freeobj 1;725;55;-3.8;90,,,,,,,,
,,,,,,,,
86675,,,,,,,,
.freeobj 0;249;;-4.7,,,,,,,,
.freeobj 1;725;48;-3.8;90,,,,,,,,
,,,,,,,,
86700,,,,,,,,
.freeobj 0;249;;-4.7,,,,,,,,
.freeobj 1;725;48;-3.8;90,,,,,,,,
,,,,,,,,
86725,,,,,,,,
.freeobj 0;249;;-4.7,,,,,,,,
.freeobj 1;725;40;-3.8;90,,,,,,,,
,,,,,,,,
86750,,,,,,,,
.freeobj 0;249;;-4.7,,,,,,,,
,,,,,,,,
86775,,,,,,,,
.freeobj 0;249;;-4.7,,,,,,,,
,,,,,,,,
86800, .dikeend 1,,,,,,,
.ground 0,,,,,,,,
.dikeend 0,,,,,,,,
.freeobj 0;9353;-0.15,,,,,,,,
.freeobj 0;9472,,,,,,,,
, .freeobj 0;354;-54;;90,,,,,,,
86810, .freeobj 0;354;33;;90,,,,,,,
.freeobj 0;354;-29;;90,,,,,,,,
.freeobj 0;354;8;;90,,,,,,,,
,,,,,,,,
86825, .railtype 1;4,,,,,,,
.curve 0;0, .dike 1;1;1,,,,,,,
.railtype 0;4,,,,,,,,
.dike 0;-1;1,,,,,,,,
.freeobj 0;9353;4;;178.5, .freeobj 0;772;54;-5;90,,,,,,,
.freeobj 1;9472;;;178.5,,,,,,,,
.freeobj 0;772;34.5;-5;90,,,,,,,,
,,,,,,,,
86835,,,,,,,,
.freeobj 0;298;-20.3;-5;-90,,,,,,,,
,,,,,,,,
86850, .wall 2;-1;13,,,,,,,
.pitch 6.25,,,,,,,,
.railstart 2;0;-11.1;3,,,,,,,,
, .freeobj 0;64;-45;-7,,,,,,,
86875,,,,,,,,
.freeobj 0;364;-25;-7, .railtype 1;33,,,,,,,
.curve -700;15,,,,,,,,
.railtype 0;33,,,,,,,,
,,,,,,,,
86900,,,,,,,,
.rail 2;0;-8,,,,,,,,
,,,,,,,,
86925,,,,,,,,
.rail 2;0;-6,,,,,,,,
,,,,,,,,
86950,,,,,,,,
.rail 2;0;-4,,,,,,,,
,,,,,,,,
86975,,,,,,,,
.rail 2;0;-2,,,,,,,,
,,,,,,,,
87000,,,,,,,,
.rail 2;0;-1,,,,,,,,
, .wallend 2,,,,,,,
87025, .dikeend 1,,,,,,,
.railend 2;0;0,,,,,,,,
.dikeend 0,,,,,,,,
.wall 0;-1;13,,,,,,,,
,,,,,,,,
87138,,,,,,,,
.freeobj 0;364;37;;-343,,,,,,,,
,,,,,,,,
87150,,,,,,,,
.Beacon 44000;1;1;0,,,,,,,,
,,,,,,,,
87225,,,,,,,,
.brightness 255,,,,,,,,
,,,,,,,,
87235,,,,,,,,
.brightness 111,,,,,,,,
,,,,,,,,
87246,,,,,,,,
.freeobj 0;336;9;-0.3;-41,,,,,,,,
.brightness 255,,,,,,,,
,,,,,,,,
87275,,,,,,,,
.pitch 0,,,,,,,,
.freeobj 0;52;6.3;-0.5;180,,,,,,,,
,,,,,,,,
87300, .Section 0;2;4,,,,,,,
.pitch -6.67,,,,,,,,
.SigF 3; 1;-2.5;4.5, .freeobj 0;11012;-2.5, .freeobj 0;11025;-2.5, .freeobj 0;11036;-2.5,,,,,
.freeobj 0;52;-2.5;-0.5,,,,,,,,
.freeobj 0;11001;-2.5,,,,,,,,
,,,,,,,,
87450,,,,,,,,
.freeobj 1;501,,,,,,,,
, .wall 1;1;12,,,,,,,
87500,,,,,,,,
.wall 0;-1;12,,,,,,,,
.rail 1;4.25;;4,,,,,,,,
,,,,,,,,
87525,,,,,,,,
.rail 1;4.75;;4,,,,,,,,
.railstart 15;4.2;-0.1;61,,,,,,,,
,,,,,,,,
87550,,,,,,,,
.rail 1;6;;5,,,,,,,,
,,,,,,,,
87575,,,,,,,,
.pitch 0,,,,,,,,
.rail 1;8;;11;61,,,,,,,,
,,,,,,,,
87590,,,,,,,,
.brightness 255,,,,,,,,
,,,,,,,,
87594,,,,,,,,
.freeobj 0;9441;0.1;0.05;-1,,,,,,,,
.brightness 99,,,,,,,,
, .freeobj 0;48$rnd(6;7);9;6;90,,,,,,,
87596,,,,,,,,
.freeobj 0;48$rnd(6;7);-9;6;90,,,,,,,,
,,,,,,,,
87600, .wall 1;1;11,,,,,,,
.pitch 6.25,,,,,,,,
.wall 0;-1;9,,,,,,,,
.brightness 255,,,,,,,,
.freeobj 0;282;10.237;0;4.2156,,,,,,,,
.freeobj 0;283;10.237;0;4.2156,,,,,,,,
.freeobj 0;287,,,,,,,,
.freeobj 0;286,,,,,,,,
.rail 1;10;0;5,,,,,,,,
,,,,,,,,
87625,,,,,,,,
.freeobj 0;71,,,,,,,,
.freeobj 0;288;12.16;;0.3226,,,,,,,,
.freeobj 0;341;12.16;;0.3226,,,,,,,,
.freeobj 0;289;12.16;;0.3226,,,,,,,,
.curve 0;0,,,,,,,,
.freeobj 0;292,,,,,,,,
.freeobj 0;291,,,,,,,,
.railtype 0;4,,,,,,,,
.rail 1;12;0;5,,,,,,,,
.railend 15,,,,,,,,
.freeobj 0;9315;-3;1,,,,,,,,
,,,,,,,,
87626,,,,,,,,
.freeobj 0;370;8.258;;-89,,,,,,,,
,,,,,,,,
87650,,,,,,,,
.freeobj 0;71,,,,,,,,
.freeobj 0;288;12.3021;;0.0327,,,,,,,,
.freeobj 0;289;12.3021;;0.0327,,,,,,,,
.freeobj 0;292,,,,,,,,
.freeobj 0;291,,,,,,,,
.freeobj 0;9315;-3;1,,,,,,,,
,,,,,,,,
87675,,,,,,,,
.freeobj 0;71,,,,,,,,
.freeobj 0;288;12.3171;;0.0327,,,,,,,,
.freeobj 0;289;12.3171;;0.0327,,,,,,,,
.freeobj 0;292,,,,,,,,
.freeobj 0;291,,,,,,,,
.freeobj 0;9315;-3;1,.freeobj 0;262;-52.3414;;-77,,,,,,,
,.freeobj 0;371;4.8019;0;1,,,,,,,
87676.11381,.freeobj 0;262;-47.6619;;-77,,,,,,,
87680.89529,,,,,,,,
87698.8488,,,,,,,,
,,,,,,,,
87700,,,,,,,,
.freeobj 0;292,,,,,,,,
.freeobj 0;289;12.3492;;1.095,,,,,,,,
.freeobj 0;288;12.3492;;1.095,,,,,,,,
.freeobj 0;291,,,,,,,,
.freeobj 0;9315;-3;1,,,,,,,,
;.sta Dunston;08.4230;08.4300;1;-1;0;;;20;219;,,,,,,,,
,,,,,,,,
87715,,,,,,,,
.freeobj 0;0;10,,,,,,,,
;.Stop 0;40;15,.freeobj 0;262;-42.2798;0;-76,,,,,,,
,.freeobj 0;14;6.1755;0;5,,,,,,,
87722,,,,,,,,
87724,,,,,,,,
,,,,,,,,
87725,,,,,,,,
.freeobj 0;296;12.5507;;-9.4367,,,,,,,,
.freeobj 0;295;12.5507;;-9.4367,,,,,,,,
.freeobj 0;329,,,,,,,,
.curve 1400;10,,,,,,,,
.railtype 0;32,,,,,,,,
.freeobj 0;328,,,,,,,,
.rail 1;12;0;4,,,,,,,,
.freeobj 0;9315;-3;1;-0.51,.freeobj 0;248;5.6766;-2;-111,,,,,,,
,.freeobj 0;262;-36.4679;0;-75,,,,,,,
87744,,,,,,,,
87746,,,,,,,,
,,,,,,,,
87750,,,,,,,,
.ground 48,,,,,,,,
.rail 1; 9;;4,,,,,,,,
.freeobj 0;9315;-3;1;-1.02,.freeobj 0;373;30;-0.1;-98,,,,,,,
,,,,,,,,
87753,,,,,,,,
,,,,,,,,
87775,,,,,,,,
.rail 1;7;0;4,,,,,,,,
.Beacon 44000;1;1;0,,,,,,,,
.freeobj 0;373;30;-0.1;-98,.freeobj 0;373;30;-0.1;-98,,,,,,,
,,,,,,,,
87794,,,,,,,,
,,,,,,,,
87800,,,,,,,,
.rail 1;6;;4,.freeobj 0;373;30;-0.1;-98,,,,,,,
,,,,,,,,
87814,,,,,,,,
,,,,,,,,
87825,,,,,,,,
.rail 1;5;;34,.freeobj 0;373;30;-0.1;-98,,,,,,,
,,,,,,,,
87833,,,,,,,,
,,,,,,,,
87850,,,,,,,,
.rail 1;4.3;;32,.freeobj 0;373;30;-0.1;-98,,,,,,,
,.freeobj 0;373;30;-0.1;-98,,,,,,,
87853,,,,,,,,
87872,,,,,,,,
,,,,,,,,
87875,,,,,,,,
.rail 1;4;;32,.freeobj 0;373;30;-0.1;-98,,,,,,,
,,,,,,,,
87888,,,,,,,,
,,,,,,,,
87900,,,,,,,,
.rail 1;4.1;;32,.freeobj 0;373;30;-0.1;-98,,,,,,,
,,,,,,,,
87905,,,,,,,,
,,,,,,,,
87925,,,,,,,,
.freeobj 0;373;30;-0.1;-98,,,,,,,,
.rail 1;4;;32,.freeobj 0;373;30;-0.1;-98,,,,,,,
,,,,,,,,
87948,,,,,,,,
,,,,,,,,
87950, .Section 0;2;4,,,,,,,
.pitch 2.2,,,,,,,,
.SigF 52;1;-3.2;4.3, .freeobj 0;11012;-3.2, .freeobj 0;11025;-3.2, .freeobj 0;11034;-3.2,,,,,
.freeobj 0;52;-3.2;-0.6,,,,,,,,
.freeobj 0;11001;-3.2,.freeobj 0;373;30;-0.1;-98,,,,,,,
,,,,,,,,
87969,,,,,,,,
,,,,,,,,
87975,,,,,,,,
.pitch -1.84,,,,,,,,
.freeobj 0;243;-0.6,,,,,,,,
.freeobj 0;381;4.3;-0.2;180,,,,,,,,
,,,,,,,,
88000,,,,,,,,
.limit 42,.freeobj 0;373;30;-0.1;-98,,,,,,,
,,,,,,,,
88012,,,,,,,,
,,,,,,,,
88025, ;point sound trigger,,,,,,,
.curve 0;0,,,,,,,,
.railstart 13;0;0;3, .railtype 1;4,,,,,,,
.freeobj 0;62,,,,,,,,
.railtype 0;3,.freeobj 0;373;30;-0.1;-98,,,,,,,
,,,,,,,,
88034,,,,,,,,
,,,,,,,,
88050,,,,,,,,
.ground 0, .railtype 1;3,,,,,,,
.freeobj 0;249;0;-4;0,,,,,,,,
.railtype 0;4,,,,,,,,
.railend 13;4,,,,,,,,
, .wallend 1,,,,,,,
88075, .railtype 1;4,,,,,,,
.wallend 0,,,,,,,,
.railtype 0;4,,,,,,,,
.freeobj 0;9353,,,,,,,,
.freeobj 0;9474,,,,,,,,
.freeobj 1;62;;;180,,,,,,,,
, .freeobj 0;9456;8;;90,,,,,,,
88085,,,,,,,,
.freeobj 0;9456;-29;;90,,,,,,,,
,,,,,,,,
88100,,,,,,,,
.dike 0;-1;$rnd(11;12),,,,,,,,
.ground 45,,,,,,,,
.freeobj 1;9353;;;180,,,,,,,,
.freeobj 1;9474;;;180,,,,,,,,
.freeobj 1;62, .wall 2;1;11,,,,,,,
.railtype 1;3,,,,,,,,
.railstart 2;4;0;3,,,,,,,,
.freeobj 1;725;40;-4;90,,,,,,,,
,,,,,,,,
88125,,,,,,,,
.pitch 4.61, .railtype 1;33,,,,,,,
.curve -700;20,,,,,,,,
.railtype 0;33,,,,,,,,
.rail 2;6;0;7,,,,,,,,
,,,,,,,,
88150, .railtype 1;4,,,,,,,
.curve 0;0,,,,,,,,
.railtype 0;4,,,,,,,,
.rail 2;8.9;-0.2;4,,,,,,,,
,,,,,,,,
88175,,,,,,,,
.rail 2;11.45;-0.6;33,,,,,,,,
.wall 1;1;11,,,,,,,,
,,,,,,,,
88200,,,,,,,,
.rail 2;13;-1.2;4,,,,,,,,
,,,,,,,,
88225,,,,,,,,
.rail 2;13.3;-1.6;13,,,,,,,,
,,,,,,,,
88250,,,,,,,,
.rail 2;14.6;-2,,,,,,,,
.freeobj 2;52;2.4;-0.5;180,,,,,,,,
,,,,,,,,
88275,,,,,,,,
.rail 2;18.1;-2.4,,,,,,,,
, .wallend 2,,,,,,,
88300,,,,,,,,
.railend 2;23.5;-2.8, .railtype 1;33,,,,,,,
.curve -700;-20,,,,,,,,
.railtype 0;33,,,,,,,,
.freeobj 0;250;3;-3,,,,,,,,
,,,,,,,,
88325, .railtype 1;7,,,,,,,
.curve -300;-55,,,,,,,,
.railtype 0;7,,,,,,,,
.freeobj 1;52;2.5;-0.5;180,,,,,,,,
,,,,,,,,
88350,,,,,,,,
.freeobj 0;250;4;-3;-0.034,,,,,,,,
,,,,,,,,
88375,,,,,,,,
.pitch 10.87,,,,,,,,
.freeobj 0;250;4;-3;-0.034,,,,,,,,
,,,,,,,,
88400,,,,,,,,
.freeobj 0;250;4;-3;-0.034,,,,,,,,
,,,,,,,,
88425,,,,,,,,
.freeobj 0;250;4;-3;-0.034,,,,,,,,
,,,,,,,,
88450,,,,,,,,
.freeobj 0;250;4;-3;-0.034,,,,,,,,
,,,,,,,,
88475,,,,,,,,
.freeobj 0;250;4;-3;-0.034,,,,,,,,
,,,,,,,,
88500,,,,,,,,
.freeobj 0;250;4;-3;-0.034,,,,,,,,
.Beacon 44000;1;1;0,,,,,,,,
,,,,,,,,
88525,,,,,,,,
.freeobj 0;250;4;-3;-0.034,,,,,,,,
,,,,,,,,
88550,,,,,,,,
.freeobj 0;250;4;-3;-0.05,,,,,,,,
,,,,,,,,
88575,,,,,,,,
.freeobj 0;250;4;-3;-0.05,,,,,,,,
,,,,,,,,
88600,,,,,,,,
.freeobj 0;250;4;-3;-0.1,,,,,,,,
,,,,,,,,
88625,,,,,,,,
.freeobj 0;250;4;-3;-0.1,,,,,,,,
,,,,,,,,
88650, .railtype 1;33,,,,,,,
.curve -700;-20,,,,,,,,
.railtype 0;33,,,,,,,,
,,,,,,,,
88675,,,,,,,,
.freeobj 0;250;4;-3;0.0033, .railtype 1;4,,,,,,,
.curve 0;0,,,,,,,,
.railtype 0;4, .Section 0;2;3;4,,,,,,,
.limit 65,,,,,,,,
.SigF 4; 1;-2.4;4.75;0,,,,,,,,
.freeobj 0;52;-2.4;-0.5;0, .freeobj 0;11012;-2.4, .freeobj 0;11025;-2.4, .freeobj 0;11032;-2.4,,,,,
.freeobj 1;52;2.5;-0.5;180,,,,,,,,
.freeobj 0;11001;-2.4,,,,,,,,
,,,,,,,,
88695,,,,,,,,
.freeobj 0;381;-0.9;-0.2,,,,,,,,
.freeobj 0;381;4.6;-0.2;180,,,,,,,,
,,,,,,,,
88700,,,,,,,,
.freeobj 0;434;-10;-5;-90,,,,,,,,
,,,,,,,,
88712,,,,,,,,
.freeobj 0;373;-25;-4.8;90,,,,,,,,
,,,,,,,,
88725,,,,,,,,
.freeobj 0;373;-25;-4.8;90,,,,,,,,
,,,,,,,,
88737,,,,,,,,
.freeobj 0;373;-25;-4.8;90,,,,,,,,
,,,,,,,,
88750,,,,,,,,
.freeobj 0;373;-25;-4.8;90,,,,,,,,
,,,,,,,,
88775,,,,,,,,
.freeobj 0;373;-25;-4.8;90,,,,,,,,
, .wallend 1,,,,,,,
88800,,,,,,,,
.dikeend 0,,,,,,,,
.freeobj 0;20;4,,,,,,,,
.freeobj 0;21,,,,,,,,
.freeobj 0;9471,,,,,,,,
.ground 0,,,,,,,,
, .freeobj 0;901;-54;;90,,,,,,,
88803,,,,,,,,
.freeobj 0;901;-29;;90,,,,,,,,
.freeobj 0;901;33;;90,,,,,,,,
,,,,,,,,
88817,,,,,,,,
.freeobj 0;382;-5;-5;-90,,,,,,,,
.freeobj 0;382;32.0497;-5;-90,,,,,,,,
,,,,,,,,
88825,,,,,,,,
.freeobj 0;250;4;-5, .dike 1;1;1,,,,,,,
.freeobj 1;9471;;;180,,,,,,,,
.dike 0;-1;$rnd(11;12),,,,,,,,
.ground 45, .railtype 1;5,,,,,,,
.curve -1000;22,,,,,,,,
.railtype 0;5,.freeobj 0;373;-35;-4.8;-90,,,,,,,
,.freeobj 0;373;-17;-4.8,,,,,,,
88831,.freeobj 0;373;-28;-4.8,,,,,,,
88838,,,,,,,,
88838,,,,,,,,
,,,,,,,,
88850,,,,,,,,
.freeobj 0;250;4;-5,,,,,,,,
.freeobj 0;373;-25;-4.8;90,,,,,,,,
,,,,,,,,
88869,,,,,,,,
.freeobj 0;373;-24;-4.8;90,,,,,,,,
,,,,,,,,
88875,,,,,,,,
.pitch 7.58,,,,,,,,
,,,,,,,,
88882,,,,,,,,
.freeobj 0;373;-24;-4.8;90,,,,,,,,
.freeobj 0;250;4;-5,,,,,,,,
,,,,,,,,
88896,,,,,,,,
.freeobj 0;373;-24;-4.8;90,,,,,,,,
,,,,,,,,
88900, .dikeend 1,,,,,,,
.ground 0,,,,,,,,
.dikeend 0,,,,,,,,
.freeobj 0;20;4,,,,,,,,
.freeobj 0;21,,,,,,,,
.freeobj 0;9471,,,,,,,,
, .freeobj 0;901;-54;;90, .freeobj 0;901;33;;90, .freeobj 0;901;8;;90,,,,,
88903,,,,,,,,
.freeobj 0;901;-29;;90,,,,,,,,
, .dike 1;1;1,,,,,,,
88925,,,,,,,,
.dike 0;-1;$rnd(11;12),,,,,,,,
.freeobj 0;302;4;-5, .wall 2;-1;13,,,,,,,
.freeobj 0;302;-30;-5,,,,,,,,
.railstart 2;0;-11;3,,,,,,,,
.freeobj 1;9471;;;180,,,,,,,,
.freeobj 0;298;49;-4.8;-90,,,,,,,,
,,,,,,,,
88950,,,,,,,,
.freeobj 0;302;4;-5,,,,,,,,
.freeobj 0;302;-30;-5,,,,,,,,
.rail 2;0;-8,,,,,,,,
,,,,,,,,
88975,,,,,,,,
.rail 2;0;-4,,,,,,,,
.freeobj 0;302;4;-5,,,,,,,,
.freeobj 0;302;-30;-5,,,,,,,,
,,,,,,,,
88998,,,,,,,,
.brightness 255,,,,,,,,
,,,,,,,,
89000, .wallend 2,,,,,,,
.freeobj 0;187, .railtype 1;10,,,,,,,
.railend 2,,,,,,,,
.railtype 0;10 ,,,,,,,,
.wall 0;-1;4,,,,,,,,
.curve 0;0,,,,,,,,
,,,,,,,,
89005,,,,,,,,
.brightness 88,,,,,,,,
, .dikeend 1,,,,,,,
89025,,,,,,,,
.dikeend 0,,,,,,,,
,,,,,,,,
89350,,,,,,,,
.Beacon 44000;1;1;0,.brightness 88,,,,,,,
,,,,,,,,
89385,.brightness 255,,,,,,,
,,,,,,,,
89396,,,,,,,,
,,,,,,,,
89400,,,,,,,,
.pitch 15.63,,,,,,,,
.wallend 0,,,,,,,,
.freeobj 0;351;3.9;-0.3,,,,,,,,
.freeobj 0;387;0.1;-0.4, .railtype 1;13,,,,,,,
.curve 300;33,,,,,,,,
.railtype 0;13 ,,,,,,,,
,,,,,,,,
89425,,,,,,,,
.freeobj 0;351;3.9;-0.3,,,,,,,,
.freeobj 0;387;0.1;-0.4,,,,,,,,
,,,,,,,,
89450,,,,,,,,
.freeobj 0;351;3.9;-0.3,,,,,,,,
.freeobj 0;387;0.1;-0.4,,,,,,,,
,,,,,,,,
89475,,,,,,,,
.freeobj 0;351;3.9;-0.3,,,,,,,,
.freeobj 0;387;0.1;-0.4,,,,,,,,
,,,,,,,,
89500,,,,,,,,
.freeobj 0;351;3.9;-0.3, .railtype 1;4,,,,,,,
.freeobj 0;387;0.1;-0.4,,,,,,,,
.railtype 0;4 ,,,,,,,,
.curve 0;0,,,,,,,,
,,,,,,,,
89525,,,,,,,,
.pitch 11.24,,,,,,,,
.freeobj 0;321;1,,,,,,,,
.freeobj 0;16;-4,,,,,,,,
.freeobj 0;388;-8,,,,,,,,
.freeobj 0;3;-8, .Section 0;2;4,,,,,,,
.ground 11,,,,,,,,
.SigF 3; 1;-2.4;4.5;0, .freeobj 0;11012;-2.4, .freeobj 0;11023;-2.4, .freeobj 0;11035;-2.4,,,,,
.freeobj 0;52;-2.4;-0.5;0,,,,,,,,
.freeobj 0;11001;-2.4,,,,,,,,
,,,,,,,,
89530,,,,,,,,
.freeobj 0;610;;-0.5,,,,,,,,
.limit 50,,,,,,,,
,,,,,,,,
89550,,,,,,,,
.railstart 2;-8;0;0,,,,,,,,
.railstart 3;-4;0;0,,,,,,,,
.freeobj 0;321;1,,,,,,,,
.freeobj 0;388;-8,,,,,,,,
.freeobj 0;389;4,,,,,,,,
.freeobj 0;389;-8;;180,,,,,,,,
.railtype 0;3, .freeobj 0;9123;-4;;180, .freeobj 0;9123;-8;;180,,,,,,
.rail 14;0;0;3,,,,,,,,
.freeobj 0;9123;-2;;180,,,,,,,,
,,,,,,,,
89575,,,,,,,,
.freeobj 0;31;0;0;189.2,,,,,,,,
.rail 15;0;0;3,,,,,,,,
.freeobj 0;388;-8,,,,,,,,
.freeobj 0;321;1,,,,,,,,
.freeobj 0;62;;;180,,,,,,,,
.railend 14;4,,,,,,,,
.freeobj 0;16,,,,,,,,
.freeobj 0;389;4, .freeobj 0;9123;-4, .freeobj 0;9123;-8,,,,,,
.freeobj 0;389;-8;0;180,,,,,,,,
.freeobj 0;9123,,,,,,,,
,,,,,,,,
89600,,,,,,,,
.freeobj 0;389;4,,,,,,,,
.freeobj 0;389;-8;;180,,,,,,,,
.freeobj 0;321;1,,,,,,,,
.freeobj 0;388;-8, .railtype 1;3,,,,,,,
.railend 15;4, .freeobj 0;9123;-4;;180, .freeobj 0;9123;-8;;180, .freeobj 0;9123;2;;180,,,,,
.railtype 0;0,,,,,,,,
.freeobj 0;9123;;;180,,,,,,,,
,,,,,,,,
89625,,,,,,,,
.railtype 1;0,,,,,,,,
.freeobj 0;321;1;;4.55,,,,,,,,
.freeobj 0;388;-8,,,,,,,,
.freeobj 0;16;4,,,,,,,,
.freeobj 0;389;4,,,,,,,,
.freeobj 0;389;-8;;180,,,,,,,,
.freeobj 0;16;4;;180, .freeobj 0;9123, .freeobj 0;9123;-4, .freeobj 0;9123;-8,,,,,
.ground 0,,,,,,,,
.freeobj 0;9123;4,,,,,,,,
,,,,,,,,
89650,,,,,,,,
.freeobj 0;388;-8,,,,,,,,
.freeobj 0;389;-8;;180,,,,,,,,
.freeobj 0;389;6,,,,,,,,
.freeobj 0;13;6;;4.5886,,,,,,,,
.freeobj 0;321;3.5;;4, .freeobj 0;9123;-4;;180, .freeobj 0;9123;-8;;180, .freeobj 0;9123;4;;180, .freeobj 0;9123;6;;180,,,,
.ground 11,,,,,,,,
.freeobj 0;9123;;;180,,,,,,,,
,,,,,,,,
89675,,,,,,,,
.pitch 8,,,,,,,,
.freeobj 0;388;-7.9949;;0.021,,,,,,,,
.freeobj 0;389;8.1101,,,,,,,,
.freeobj 0;389;-7.9949;;180,,,,,,,,
.freeobj 0;390;8.06;;6,,,,,,,,
.freeobj 0;321;5.3;;7, .railtype 1;18, .railtype 2;18, .railtype 3;18,,,,,
.curve -300;-10, .freeobj 0;9123;4, .freeobj 0;9123, .freeobj 0;9123;-4, .freeobj 0;9123;-8,,,,
.railtype 0;18,,,,,,,,
.freeobj 0;9123;8,,,,,,,,
,,,,,,,,
89699,,,,,,,,
.freeobj 0;390;10.54;;7.5,,,,,,,,
.freeobj 0;321;8;;7.5,,,,,,,,
,,,,,,,,
89700,,,,,,,,
.pitch 6,,,,,,,,
.freeobj 0;33;11.5652;;9.7786,,,,,,,,
.freeobj 0;388;-7.9853;;0.021,,,,,,,,
.freeobj 0;389;4,,,,,,,,
.freeobj 0;389;-8;;180, .freeobj 0;9123;-4;;180, .freeobj 0;9123;-8;;180, .freeobj 0;9123;4;;180,,,,,
.freeobj 0;40;4;-1,,,,,,,,
.freeobj 0;9123;;;180,,,,,,,,
,,,,,,,,
89722,,,,,,,,
.freeobj 0;390;15.6;;13.8,,,,,,,,
.freeobj 0;321;13;;13.8,,,,,,,,
,,,,,,,,
89725,,,,,,,,
.pitch 4,,,,,,,,
.freeobj 0;33;16.1851;;15.7284,,,,,,,,
.freeobj 0;388;-7.9756;;0.021,,,,,,,,
.freeobj 0;389;4,,,,,,,,
.freeobj 0;389;-8;;180, .freeobj 0;9123, .freeobj 0;9123;-4, .freeobj 0;9123;-8,,,,,
.freeobj 0;40;4;-1,,,,,,,,
.freeobj 0;9123;4,,,,,,,,
,,,,,,,,
89744,,,,,,,,
.freeobj 0;390;23.1;;20,,,,,,,,
.freeobj 0;321;20.5;;20,,,,,,,,
,,,,,,,,
89750,,,,,,,,
.pitch 2,,,,,,,,
.freeobj 0;388;-8.0001;;-0.0336,,,,,,,,
.freeobj 0;389;-8.0001;;179.9664,,,,,,,,
.freeobj 0;33;24.7876;;9.3679,,,,,,,,
.freeobj 0;389;4;;-0.0004, .freeobj 0;9123;-4;;180, .freeobj 0;9123;-8;;180, .freeobj 0;9123;4;;180,,,,,
.freeobj 0;40;4;-1,,,,,,,,
.freeobj 0;9123;;;180,,,,,,,,
,,,,,,,,
89765,,,,,,,,
.freeobj 0;390;33.1;;26,,,,,,,,
.freeobj 0;33;33.1;;26,,,,,,,,
.freeobj 0;321;30.5;;26,,,,,,,,
,,,,,,,,
89775,,,,,,,,
.pitch 0,,,,,,,,
.freeobj 0;388;-8.0154;;0.0433,,,,,,,,
.freeobj 0;389;-8.0154;;180.0433,,,,,,,,
.freeobj 0;389;3.9994;;-0.0034, .freeobj 0;9123, .freeobj 0;9123;-4, .freeobj 0;9123;-8,,,,,
.freeobj 0;40;4;-1,,,,,,,,
.freeobj 0;9123;4,,,,,,,,
,,,,,,,,
89784,,,,,,,,
.freeobj 0;390;45.1;;32,,,,,,,,
.freeobj 0;33;45.1;;32,,,,,,,,
.freeobj 0;321;42.3;;32,,,,,,,,
,,,,,,,,
89800,,,,,,,,
.freeobj 0;388;-7.994;0;-0.0134,,,,,,,,
.freeobj 0;389;-7.994;0;179.9866,,,,,,,,
.freeobj 0;389;4,,,,,,,,
.freeobj 0;40;4;-1,,,,,,,,
.freeobj 0;33;58.32;;38.3,,,,,,,,
.freeobj 0;390;58.32;;38.3, .freeobj 0;9123;-4;;180, .freeobj 0;9123;-8;;180, .freeobj 0;9123;4;;180,,,,,
.freeobj 0;321;55;;38,,,,,,,,
.freeobj 0;9123;;;180,,,,,,,,
,,,,,,,,
89819,,,,,,,,
.freeobj 0;390;73.3;;40,,,,,,,,
.freeobj 0;33;73.3;;40,,,,,,,,
.freeobj 0;321;70;;40,,,,,,,,
,,,,,,,,
89825,,,,,,,,
.freeobj 0;389;-8.0219;;180.0448,,,,,,,,
.freeobj 0;388;-8.0219;;0.0448,,,,,,,,
.freeobj 0;389;3.9798;;0.026, .freeobj 0;9123, .freeobj 0;9123;-4, .freeobj 0;9123;-8,,,,,
.freeobj 0;40;4;-2,,,,,,,,
.freeobj 0;9123;4,,,,,,,,
,,,,,,,,
89850,,,,,,,,
.freeobj 0;388;-7.9995;;0.0382,,,,,,,,
.freeobj 0;389;3.9996;;-0.0356,,,,,,,,
.freeobj 0;389;-7.9995;0;180.0382, .freeobj 0;9123;-4;;180, .freeobj 0;9123;-8;;180, .freeobj 0;9123;4;;180,,,,,
.freeobj 0;40;4;-2,,,,,,,,
.freeobj 0;9123;;;180,,,,,,,,
,,,,,,,,
89875,,,,,,,,
.freeobj 0;388;-7.9965;;0.0063,,,,,,,,
.freeobj 0;389;-7.9965;;180.0063,,,,,,,,
.freeobj 0;389;4;0;-0.0044, .freeobj 0;9123, .freeobj 0;9123;-4, .freeobj 0;9123;-8,,,,,
.freeobj 0;40;4;-2,,,,,,,,
.freeobj 0;9123;4,,,,,,,,
,,,,,,,,
89900,,,,,,,,
.freeobj 0;389;-7.9964;;180.0079,,,,,,,,
.freeobj 0;388;-7.9964;;0.0079,,,,,,,,
.freeobj 0;389;4, .freeobj 0;9123;-4;;180, .freeobj 0;9123;-8;;180, .freeobj 0;9123;4;;180,,,,,
.freeobj 0;40;4;-2,,,,,,,,
.freeobj 0;9123;;;180,,,,,,,,
,,,,,,,,
89925,,,,,,,,
.freeobj 0;389;-8.0031;;180.0225,,,,,,,,
.freeobj 0;388;-8.0031;;0.0225,,,,,,,,
.freeobj 0;389;3.9832;;0.0376, .freeobj 0;9123, .freeobj 0;9123;-4, .freeobj 0;9123;-8,,,,,
.freeobj 0;40;4;-2,,,,,,,,
.freeobj 0;9123;4,,,,,,,,
,,,,,,,,
89950,,,,,,,,
.freeobj 0;388;-7.9933;;-0.0845,,,,,,,,
.freeobj 0;389;-7.9933;;179.9155,,,,,,,,
.freeobj 0;389;3.9764;;-0.7671, .freeobj 0;9123;-4;;180, .freeobj 0;9123;-8;;180, .freeobj 0;9123;4;;180,,,,,
.freeobj 0;40;4;-2,,,,,,,,
.freeobj 0;9123;;;180,,,,,,,,
,,,,,,,,
89975,,,,,,,,
.freeobj 0;388;-8.0184;;-0.2273,,,,,,,,
.freeobj 0;389;3.6613;;0.3051,,,,,,,,
.freeobj 0;389;-8.0184;;179.7727, .freeobj 0;9123, .freeobj 0;9123;-4, .freeobj 0;9123;-8,,,,,
.freeobj 0;40;4;-2,,,,,,,,
.freeobj 0;9123;4,,,,,,,,
,,,,,,,,
90000,,,,,,,,
.freeobj 0;389;-8.1414;;180.7722,,,,,,,,
.freeobj 0;388;-8.1414;;0.7722,,,,,,,,
.freeobj 0;389;3.826;;0.4327, .freeobj 0;9123;-4;;180, .freeobj 0;9123;-8;;180, .freeobj 0;9123;4;;180,,,,,
.freeobj 0;40;4;-2,,,,,,,,
.freeobj 0;9123;;;180,,,,,,,,
,,,,,,,,
90025,,,,,,,,
.freeobj 0;388;-7.8121;;-0.6112,,,,,,,,
.freeobj 0;389;-7.8121;;179.3888,,,,,,,,
.freeobj 0;389;4;;-0.0003, .freeobj 0;9123, .freeobj 0;9123;-4, .freeobj 0;9123;-8,,,,,
.freeobj 0;40;4;-2,,,,,,,,
.freeobj 0;9123;4,,,,,,,,
,,,,,,,,
90050,,,,,,,,
.freeobj 0;389;-8.0793;;180,,,,,,,,
.freeobj 0;388;-8.0793;;0.1766,,,,,,,,
.freeobj 0;389;3.9935, .freeobj 0;9123;-4;;180, .freeobj 0;9123;-8;;180, .freeobj 0;9123;4;;180,,,,,
.freeobj 0;40;4;-2,,,,,,,,
.freeobj 0;9123;;;180,,,,,,,,
,,,,,,,,
90075,,,,,,,,
.freeobj 0;388;-8.0206;;0.1278,,,,,,,,
.freeobj 0;389;4,,,,,,,,
.freeobj 0;389;-8;;180, .freeobj 0;9123, .freeobj 0;9123;-4, .freeobj 0;9123;-8,,,,,
.freeobj 0;40;4;-2,,,,,,,,
.freeobj 0;9123;4,,,,,,,,
,,,,,,,,
90100,,,,,,,,
.freeobj 0;388;-7.9866;;-0.0954,,,,,,,,
.freeobj 0;389;7.9778,,,,,,,,
.freeobj 0;389;-7.9866;;180, .freeobj 0;9123;-4;;180, .freeobj 0;9123;-8;;180, .freeobj 0;9123;4;;180,,,,,
.freeobj 0;40;4;-2,,,,,,,,
.freeobj 0;9123;;;180,,,,,,,,
,,,,,,,,
90125,,,,,,,,
.freeobj 0;388;-8.0294;;0.0841,,,,,,,,
.freeobj 0;3;11;;-11.5,,,,,,,,
.freeobj 0;392;11;;-11.5,,,,,,,,
.freeobj 0;389;7.0737,,,,,,,,
.freeobj 0;389;-8.0294;;180,,,,,,,,
.ground 48, .freeobj 0;9123, .freeobj 0;9123;-4, .freeobj 0;9123;-8,,,,,
.Beacon 44000;1;1;0,,,,,,,,
.freeobj 0;9123;4,,,,,,,,
,,,,,,,,
90135,,,,,,,,
.freeobj 1;959;0.2,,,,,,,,
,,,,,,,,
90150,,,,,,,,
.ground 52,,,,,,,,
.freeobj 0;388;-8,,,,,,,,
.freeobj 0;392;5.95;;-4.46,,,,,,,,
.freeobj 0;389;5.95,,,,,,,,
.freeobj 0;9;5.95;-0.01;-4.46,,,,,,,,
.freeobj 0;389;-8;;180, .freeobj 0;9123;-4;;180, .freeobj 0;9123;-8;;180, .freeobj 0;9123;4;;180, .freeobj 0;9123;6;;180,,,,
.freeobj 1;960;0;0;3.3,,,,,,,,
.freeobj 0;9123;;;180,,,,,,,,
,,,,,,,,
90175, .railtype 1;0, .railtype 2;0, .railtype 3;0,,,,,
.curve 0;0, .wall 1;1;21,,,,,,,
.railtype 0;0 , .freeobj 0;389;-8;;180,,,,,,,
.wall 2;-1;21, .freeobj 0;9123, .freeobj 0;9123;-4, .freeobj 0;9123;-8,,,,,
.freeobj 0;389;4,,,,,,,,
.freeobj 0;9123;4,,,,,,,,
, .freeobj 0;389;-8;;180,,,,,,,
90200, .freeobj 0;9123;-4;;180, .freeobj 0;9123;-8;;180, .freeobj 0;9123;4;;180,,,,,
.freeobj 0;389;4,,,,,,,,
.freeobj 0;9123;;;180,,,,,,,,
, .freeobj 0;389;4,,,,,,,
90250, .freeobj 0;9123, .freeobj 0;9123;-4, .freeobj 0;9123;-8,,,,,
.freeobj 0;389;-8;;180,,,,,,,,
.freeobj 0;9123;4,,,,,,,,
, .freeobj 0;9113;-9.5;6, .freeobj 0;9113;-5.5;6,,,,,,
90275, .freeobj 0;393;-8, .freeobj 0;393;-4,,,,,,
.freeobj 0;9113;2.5;6, .Section 0;2;3;4,,,,,,,
.freeobj 0;393;4,,,,,,,,
.SigF 65; 1;-1.5;6, .freeobj 0;11024;-1.6;5.65, .freeobj 0;11028;-1.5;5.65, .freeobj 0;11035;-1.5;5.65,,,,,
, .freeobj 0;11024;-5.6;5.65, .freeobj 0;11028;-5.5;5.65, .freeobj 0;11033;-5.5;5.65,,,,,
.freeobj 0;11001;-1.5;5.65, .freeobj 0;11024;-9.6;5.65, .freeobj 0;11028;-9.5;5.65, .freeobj 0;11031;-9.5;5.65,,,,,
.freeobj 0;11001;-5.5;5.65, .freeobj 0;11024;2.4;5.65, .freeobj 0;11028;2.5;5.65, .freeobj 0;11037;2.5;5.65,,,,,
.freeobj 0;11001;-9.5;5.65,,,,,,,,
.freeobj 0;11001;2.5;5.65,,,,,,,,
, .freeobj 0;53;-5.5, .freeobj 0;53;-9.5, .freeobj 0;53;2.5,,,,,
.freeobj 0;396,,,,,,,,
.freeobj 0;53;-1.5,,,,,,,,
,,,,,,,,
90300,,,,,,,,
.railtype 1;3, .freeobj 0;389;-8;;180,,,,,,,
.freeobj 0;15;4, .freeobj 0;9123;-4;;180, .freeobj 0;9123;-8;;180, .freeobj 0;9123;4;;180,,,,,
.freeobj 0;389;4,,,,,,,,
.freeobj 0;9123;;;180,,,,,,,,
, .railtype 1;0,,,,,,,
90325,,,,,,,,
.railtype 0;3,,,,,,,,
.railstart 15;2;0;3; points sound trigger,,,,,,,,
,,,,,,,,
90350,,,,,,,,
.freeobj 0;389;-8;0;180,,,,,,,,
.railtype 0;0,,,,,,,,
.rail 15;0,,,,,,,,
.freeobj 0;15;0;0;180, .freeobj 0;9123, .freeobj 0;9123;-4, .freeobj 0;9123;-8,,,,,
.freeobj 0;389;4,,,,,,,,
.freeobj 0;9123;4,,,,,,,,
,,,,,,,,
90375,,,,,,,,
.railtype 0;3,,,,,,,,
.rail 12;0;0;3    ;id=0,,,,,,,,
.freeobj 0;15,,,,,,,,
.freeobj 0;3;-4;0;180,,,,,,,,
.freeobj 0;389;-8;0;180, .freeobj 0;9123;-4;;180, .freeobj 0;9123;-8;;180, .freeobj 0;9123;4;;180,,,,,
.freeobj 0;389;4,,,,,,,,
.freeobj 0;9123;;;180,,,,,,,,
,,,,,,,,
90400,,,,,,,,
.railtype 0;0,,,,,,,,
.railend 3, ;end of point sound trigger,,,,,,,
.railend 12,,,,,,,,
.railend 15;-2,,,,,,,,
,,,,,,,,
90425,,,,,,,,
.freeobj 0;15;-4,,,,,,,,
.freeobj 0;15;-4;0;180,,,,,,,,
.freeobj 0;389;-8;0;180, .freeobj 0;9123, .freeobj 0;9123;-4, .freeobj 0;9123;-8,,,,,
.freeobj 0;389;4;0;360,,,,,,,,
.freeobj 0;9123;4,,,,,,,,
,,,,,,,,
90448,,,,,,,,
.freeobj 0;397;-87,,,,,,,,
.freeobj 0;397;-162,,,,,,,,
.freeobj 0;397;83,,,,,,,,
.freeobj 0;397;8,,,,,,,,
,,,,,,,,
.freeobj 0;619;-8;-0.01,,,,,,,,
.freeobj 0;619;-5.72;-0.01;-7.4,,,,,,,,
, .wallend 2, .freeobj 0;1354;9,,,,,,
90450,,,,,,,,
.wallend 1,,,,,,,,
.ground 45,,,,,,,,
.freeobj 0;1354;-8,,,,,,,,
.railend 2,,,,,,,,
.railstart 3;-4,.freeobj 0;382;9.2072;-3;8,,,,,,,
,,,,,,,,
90454,,,,,,,,
,,,,,,,,
90475, .freeobj 0;1354;9,,,,,,,
.curve 200;29,,,,,,,,
.freeobj 0;1355;-8;0;-4.55,,,,,,,,
.freeobj 0;389;-8;0;180, .railtype 1;41, .railtype 3;41,,,,,,
.freeobj 0;389;4,,,,,,,,
.railtype 0;41,,,,,,,,
.freeobj 0;15;-8;0;176.45, .freeobj 0;9123;;;180, .freeobj 0;9123;-4;;180, .freeobj 0;9123;-8;;180,,,,,
.freeobj 0;415;-8;0;-4.55,,,,,,,,
.freeobj 0;9123;4;;180,,,,,,,,
,,,,,,,,
90498,,,,,,,,
.freeobj 0;619;-9.85;-0.01;-3,,,,,,,,
,,,,,,,,
90500,,,,,,,,
.freeobj 0;482;4;-1,,,,,,,,
.freeobj 0;482;-4.8;-1,,,,,,,,
.freeobj 0;389;-10;0;180,,,,,,,,
.freeobj 0;389;4, .freeobj 0;1354;9,,,,,,,
.freeobj 0;482;-0.3;-1,,,,,,,,
.freeobj 0;1355;-10;;-7,,,,,,,,
,,,,,,,,
.railstart 2;-8;0;42, .freeobj 0;9123, .freeobj 0;9123;-4, .freeobj 0;9123;-8,,,,,
.freeobj 0;8;-10.1;;-4.3,,,,,,,,
.freeobj 0;9123;4,,,,,,,,
.freeobj 0;9123;-10.1,,,,,,,,
.limit 33,,,,,,,,
.crack 2;1;1,,,,,,,,
,,,,,,,,
90501,,,,,,,,
.freeobj 0;1354;-28;;213,,,,,,,,
.freeobj 2;619;-0.07;-0.01;176.5,,,,,,,,
,,,,,,,,
90505,,,,,,,,
.freeobj 0;1354;-29.08;;22,,,,,,,,
.freeobj 0;3;-29.65;;23,,,,,,,,
.freeobj 0;3;-28.3;-0.01;27.5,,,,,,,,
,,,,,,,,
90523,,,,,,,,
.freeobj 0;1354;-18;;205,,,,,,,,
,,,,,,,,
90524,,,,,,,,
.freeobj 0;619;-11.99;-0.01;2.47,,,,,,,,
,,,,,,,,
90525,,,,,,,,
.railstart 5;-12;0;42,,,,,,,,
.freeobj 0;389;-16.4;0;180, .freeobj 0;9123;;;180, .freeobj 0;9123;-4;;180, .freeobj 0;9123;-8;;180, .freeobj 5;9123;;;180,,,,
.freeobj 0;389;4,,,,,,,,
.freeobj 0;9123;4;;180,,,,,,,,
.freeobj 0;1354;9,,,,,,,,
.crack 2;1;1,,,,,,,,
,,,,,,,,
90526,,,,,,,,
.freeobj 0;13;-17;-0.01;16.25,,,,,,,,
,,,,,,,,
90527,,,,,,,,
.freeobj 0;3;-20;;13.92,,,,,,,,
,,,,,,,,
90529,,,,,,,,
.freeobj 0;1354;-20;;14.7,,,,,,,,
,,,,,,,,
90548,,,,,,,,
.freeobj 5;619;1.5;-0.02;13.25,,,,,,,,
.freeobj 5;619;-2.83;-0.02;14,,,,,,,,
,,,,,,,,
90549,,,,,,,,
.freeobj 5;619;-0.075;-0.01;4,,,,,,,,
,,,,,,,,
90550,,,,,,,,
.freeobj 0;389;4, .freeobj 0;9123, .freeobj 0;9123;-4, .freeobj 0;9123;-8, .freeobj 5;9123, .freeobj 5;9123;-2,,,
.freeobj 0;389;-15;0;180,,,,,,,,
.freeobj 0;9123;4,,,,,,,,
.freeobj 5;44;-2;-0.01;4.55,,,,,,,,
.freeobj 2;43;-1.8;-0.01;4.1,,,,,,,,
.freeobj 0;1354;9,,,,,,,,
.freeobj 0;349;-20;-4.7;-85.45,,,,,,,,
.crack 2;1;1,,,,,,,,
,,,,,,,,
90552,,,,,,,,
.freeobj 0;1354;-14;;4.55,,,,,,,,
,,,,,,,,
90573,,,,,,,,
.freeobj 5;619;-0.125;-0.01;3.45,,,,,,,,
,,,,,,,,
90575,,,,,,,,
.ground 0,,,,,,,,
.freeobj 0;389;4, .freeobj 0;9123;;;180, .freeobj 0;9123;-4;;180, .freeobj 0;9123;-8;;180, .freeobj 5;9123;;;180,,,,
.freeobj 0;389;-12;0;180,,,,,,,,
.freeobj 0;9123;4;;180,,,,,,,,
.railtype 5;50,,,,,,,,
.freeobj 5;21,,,,,,,,
.freeobj 0;400;4;-0.2;-1,,,,,,,,
,,,,,,,,
90600,,,,,,,,
.freeobj 0;389;-12;0;180, .freeobj 0;9123, .freeobj 0;9123;-4, .freeobj 0;9123;-8, .freeobj 5;9123,,,,
.freeobj 0;389;4,,,,,,,,
.freeobj 0;9123;4,,,,,,,,
.railtype 2;1,,,,,,,,
.railstart 6;-12.35;-0;18,,,,,,,,
.freeobj 6;1355, .wall 10;1;101,,,,,,,
.rail 5;-12.4;0;40, .crack 0;5;1,,,,,,,
.railstart 10;4;-0.2;61,,,,,,,,
.crack 0;10;1,,,,,,,,
,,,,,,,,
90603,,,,,,,,
.freeobj 0;382;48;-5;-95,,,,,,,,
,,,,,,,,
90623,,,,,,,,
.freeobj 6;619;0.05;-0.01;-0.8,,,,,,,,
.freeobj 2;619;-0.035;-0.01;1,,,,,,,,
,,,,,,,,
90625,,,,,,,,
.railend 1,,,,,,,,
.railend 2;-8.8,,,,,,,,
.railstart 4;-8.8;0;40,,,,,,,,
.railtype 3;3,,,,,,,,
.freeobj 0;15;-4,,,,,,,,
.freeobj 0;389;-18;0;180, .freeobj 0;9123;;;180, .freeobj 0;9123;-4;;180, .freeobj 4;9123;;;180, .freeobj 5;9123;;;180, .freeobj 6;9123;;;180,,,
.freeobj 0;389;4,,,,,,,,
.freeobj 0;9123;4;;180, .railtype 3;3,,,,,,,
.curve 0;0,,,,,,,,
.railtype 0;3 ,,,,,,,,
.freeobj 0;8;4;0;5,,,,,,,,
.rail 9;0;0;3    ;id=0,,,,,,,,
.freeobj 0;16,,,,,,,,
.rail 5;-15.4;0;19,,,,,,,,
.rail 6;-18;0;42,,,,,,,,
.freeobj 6;1355,,,,,,,,
.rail 10;10.6;-0.1,,,,,,,,
.freeobj 10;56;-13,,,,,,,,
.crack 3;5;1,,,,,,,,
,,,,,,,,
90648,,,,,,,,
.freeobj 5;619;-0.01;-0.01;1,,,,,,,,
.freeobj 6;619;-0.1;-0.02;2.8,,,,,,,,
,,,,,,,,
90650,,,,,,,,
.railstart 2;-6.005;0;42,,,,,,,,
.rail 6;-23.5;0;40,,,,,,,,
.railstart 7;-23.35;0;18,,,,,,,,
.freeobj 7;1355;-0.1,,,,,,,,
.curve 300;29,,,,,,,,
.rail 3;-4;0;0;20,,,,,,,,
.rail 4;-10.5,,,,,,,,
.rail 5;-19.5,,,,,,,,
.freeobj 0;390;1.9975;0;7.475,,,,,,,,
.railend 9;4,,,,,,,,
.rail 10;17.6;0, .railtype 2;20, .railtype 3;20,,,,,,
.freeobj 10;56;-13,,,,,,,,
.railtype 0;20,,,,,,,,
.freeobj 0;389;-24;0;180, .freeobj 0;9123;2, .freeobj 0;9123;6.18, .freeobj 2;9123, .freeobj 3;9123, .freeobj 4;9123, .freeobj 5;9123, .freeobj 6;9123, .freeobj 7;9123
.freeobj 0;389;6,,,,,,,,
.freeobj 0;9123, .crack 4;5;1,,,,,,,
.freeobj 0;3;6.18;0;7.1,,,,,,,,
.crack 3;4;1,,,,,,,,
,,,,,,,,
.freeobj 0;715;-50;-4;10,,,,,,,,
,,,,,,,,
90673,,,,,,,,
.freeobj 7;1355;-0.2,,,,,,,,
.freeobj 5;619;-0.015;-0.01;0.8,,,,,,,,
.freeobj 6;619;-0.007;-0.01;1.1,,,,,,,,
,,,,,,,,
90675,,,,,,,,
.freeobj 7;619;-0.005;-0.01;178.9,,,,,,,,
.rail 2;-9.6;0;50,,,,,,,,
.rail 4;-13.25;0;50,,,,,,,,
.rail 6;-29;0;42,,,,,,,,
.rail 5;-24;0;42,,,,,,,,
.rail 7;-34;0;42,,,,,,,,
.railstart 8;-34;0;0,,,,,,,,
.rail 10;23.8,,,,,,,,
.freeobj 10;56;-13,,,,,,,,
.freeobj 0;8;5.24;0;9,,,,,,,,
.freeobj 0;8;9.215;0;9,,,,,,,,
.freeobj 0;389;9,,,,,,,,
.freeobj 0;389;-35;0;180,,,,,,,,
.freeobj 0;389;-18;0;180, .freeobj 0;9123;5.24;;180, .freeobj 0;9123;9.125;;180, .freeobj 2;9123;;;180, .freeobj 3;9123;;;180, .freeobj 4;9123;;;180, .freeobj 5;9123;;;180, .freeobj 6;9123;;;180, .freeobj 7;9123;;;180
,,,,,,,,
.freeobj 0;9123;;;180,,,,,,,,
, .crack 4;5;1, .crack 6;8;1,,,,,,
.freeobj 0;611;-53.5;0;-8,,,,,,,,
.crack 0;4;1,,,,,,,,
,,,,,,,,
90700,,,,,,,,
.rail 2;-13;0;50,,,,,,,,
.rail 4;-17;0;50,,,,,,,,
.rail 6;-34.6,,,,,,,,
.rail 5;-29,,,,,,,,
.rail 7;-47,,,,,,,,
.rail 8;-43,,,,,,,,
.rail 10;29,,,,,,,,
.freeobj 10;56;-13,,,,,,,,
.freeobj 0;33;12.7,,,,,,,,
.freeobj 0;33;9;0;182,,,,,,,,
.freeobj 0;390;9.1;0;8.9,,,,,,,,
.freeobj 0;390;13;0;9,,,,,,,,
.freeobj 0;611;-58;0;-8, .crack 6;8;1,,,,,,,
.freeobj 0;56,,,,,,,,
.crack 4;5;1,,,,,,,,
,,,,,,,,
.freeobj 5;619;0;-0.01;173,,,,,,,,
.freeobj 6;619;0;-0.01;170,,,,,,,,
.freeobj 7;619;0;-0.01;170,,,,,,,,
.freeobj 8;619;0;-0.01;174,,,,,,,,
,,,,,,,,
.freeobj 0;389;-0.3,,,,,,,,
.freeobj 0;389;-17;0;180,,,,,,,,
.freeobj 5;389, .freeobj 3;9123, .freeobj 2;9123, .freeobj 4;9123, .freeobj 5;9123, .freeobj 6;9123, .freeobj 7;9123, .freeobj 8;9123,
,,,,,,,,
.freeobj 0;9123,,,,,,,,
,,,,,,,,
90703,,,,,,,,
.freeobj 4;55;-2.8;-0.5;180,,,,,,,,
.freeobj 5;55;2.8;-0.5;180,,,,,,,,
.freeobj 6;55;-2.8;-0.5;180,,,,,,,,
.freeobj 7;55;-2.8;-0.5;180,,,,,,,,
.freeobj 8;55;2.8;-0.5;180,,,,,,,,
, .rail 4;-19,,,,,,,
90725, .rail 6;-35,,,,,,,
.rail 2;-15,,,,,,,,
.rail 5;-31,,,,,,,,
.rail 7;-54,,,,,,,,
.rail 8;-50,,,,,,,,
.rail 10;33,,,,,,,,
.freeobj 10;56;-13,,,,,,,,
.freeobj 0;390;12.92;0;6.05,,,,,,,,
.freeobj 0;390;16.78;0;7,,,,,,,,
.freeobj 0;389, .freeobj 3;9123;;;180, .freeobj 2;9123;;;180, .freeobj 4;9123;;;180,,,,,
,,,,,,,,
.freeobj 0;9123;;;180,,,,,,,,
,,,,,,,,
.freeobj 0;33;16.6,,,,,,,,
.freeobj 0;33;13;0;180,,,,,,,,
.freeobj 0;402,,,,,,,,
.freeobj 0;611;-62;0;-6,,,,,,,,
.freeobj 0;56;1,,,,,,,,
,,,,,,,,
.freeobj 3;55;-2.8;-0.5;180,,,,,,,,
.freeobj 4;55;6.3;-0.5;180,,,,,,,,
, .railend 4, .railend 5, .railend 6, .railend 7, .railend 8,,,
90750,,,,,,,,
.railend 2,,,,,,,,
.rail 10;35,,,,,,,,
.freeobj 10;56;-13,,,,,,,,
.freeobj 0;390;15.47;0;2.2,,,,,,,,
.freeobj 0;390;19.7;0;3, .freeobj 0;1609;15,,,,,,,
.freeobj 0;404,,,,,,,,
.freeobj 0;1608,,,,,,,,
.freeobj 0;611;-64;0;-5,,,,,,,,
,,,,,,,,
90775,,,,,,,,
.rail 10;37,,,,,,,,
.freeobj 10;56;-13,,,,,,,,
.freeobj 0;403;28,,,,,,,,
.freeobj 0;10;16.445;0;-0.05,,,,,,,,
.freeobj 0;10;21;0;2,,,,,,,,
.freeobj 0;3;-15.6392;0;-1.361,,,,,,,,
.freeobj 0;405, .freeobj 0;1611;15,,,,,,,
.freeobj 0;611;-66;0;-5,,,,,,,,
.freeobj 0;1610,,,,,,,,
.freeobj 0;972;-182;0;-15,,,,,,,,
, .railstart 6;21.85;0;32,,,,,,,
90800,,,,,,,,
.railstart 1;16.42;0;32, .railtype 3;32,,,,,,,
.freeobj 0;389;23,,,,,,,,
.railtype 0;32,,,,,,,,
.curve 1400;5,,,,,,,,
.ground 0,,,,,,,,
.freeobj 0;406, .freeobj 0;1613;15,,,,,,,
.freeobj 10;56;-13,,,,,,,,
.freeobj 0;1612,,,,,,,,
,,,,,,,,
90825,,,,,,,,
.freeobj 0;389;22,,,,,,,,
.freeobj 0;407, .freeobj 0;1613;15,,,,,,,
.freeobj 10;56;-13,,,,,,,,
.freeobj 0;1612,,,,,,,,
,,,,,,,,
90850,,,,,,,,
.freeobj 0;389;22,,,,,,,,
.freeobj 0;407, .freeobj 0;1613;15,,,,,,,
.freeobj 10;56;-13,,,,,,,,
.freeobj 0;1612,,,,,,,,
,,,,,,,,
90875, .railtype 1;0, .railtype 3;0, .railtype 6;0,,,,,
.curve 0;0,,,,,,,,
.railtype 0;0,,,,,,,,
.freeobj 0;407, .freeobj 0;1615;15,,,,,,,
.freeobj 10;56;-13,,,,,,,,
.freeobj 0;1614,,,,,,,,
,,,,,,,,
90900,,,,,,,,
.freeobj 0;389;22,,,,,,,,
.freeobj 0;407,,,,,,,,
.rail 10;35.55, .freeobj 0;1615;15,,,,,,,
.freeobj 10;56;-13,,,,,,,,
.freeobj 0;1614,,,,,,,,
,,,,,,,,
90925,,,,,,,,
.freeobj 0;389;22,,,,,,,,
.freeobj 0;407,,,,,,,,
.rail 10;33.66, .freeobj 0;1615;15,,,,,,,
.freeobj 10;56;-13,,,,,,,,
.freeobj 0;1614,,,,,,,,
,,,,,,,,
90950,,,,,,,,
.freeobj 0;408,,,,,,,,
.rail 10;32, .freeobj 0;1615;15,,,,,,,
.freeobj 10;56;-13,,,,,,,,
.freeobj 0;1614,,,,,,,,
,,,,,,,,
90975,,,,,,,,
.sta Newcastle;10.1800;t;1;1;1;;;20;10;,,,,,,,,
.freeobj 0;409,,,,,,,,
.rail 10;30.33, .freeobj 0;1615;15,,,,,,,
.freeobj 10;56;-13,,,,,,,,
.freeobj 0;1614,.Stop 0;25;5,,,,,,,
,,,,,,,,
90990,,,,,,,,
,,,,,,,,
91000, .Section 0;2;3;4,,,,,,,
.freeobj 0;389;22,,,,,,,,
.SigF 4; 1;-2;4.75;0,,,,,,,,
.freeobj 0;52;-2;-0.5,,,,,,,,
.freeobj 0;407,,,,,,,,
.rail 10;28.66, .freeobj 0;1615;15,,,,,,,
.freeobj 10;56;-13,,,,,,,,
.freeobj 0;1614,,,,,,,,
,,,,,,,,
91025,,,,,,,,
.freeobj 0;407, .freeobj 0;1615;15,,,,,,,
.rail 10;27,,,,,,,,
.freeobj 0;1614,,,,,,,,
,,,,,,,,
91050,,,,,,,,
.freeobj 0;389;22,,,,,,,,
.freeobj 0;407, .freeobj 0;1615;15,,,,,,,
.rail 10;25.33;-0.06,,,,,,,,
.freeobj 0;1614,,,,,,,,
,,,,,,,,
91075,,,,,,,,
.freeobj 0;407, .freeobj 0;1615;15,,,,,,,
.rail 10;23.66,,,,,,,,
.freeobj 0;1614,,,,,,,,
,,,,,,,,
91100,,,,,,,,
.freeobj 0;389;22,,,,,,,,
.freeobj 0;407,,,,,,,,
,,,,,,,,
.railend 6,,,,,,,,
.rail 10;21.8;0;0, .freeobj 0;1615;15,,,,,,,
,,,,,,,,
.freeobj 0;1614,,,,,,,,
,,,,,,,,
91125,,,,,,,,
.freeobj 0;410, .freeobj 0;1615;15;0;-0.9,,,,,,,
.rail 10;20.33,,,,,,,,
.freeobj 0;1614,,,,,,,,
,,,,,,,,
91150,,,,,,,,
.freeobj 0;389;31.3419;0;-5.1439,,,,,,,,
.freeobj 0;608;-14, .freeobj 0;1615;14.63;-0.01;-6,,,,,,,
.rail 10;18,,,,,,,,
.freeobj 0;1614,,,,,,,,
.railend 1,,,,,,,,
,,,,,,,,
91175,,,,,,,,
.rail 10;14,,,,,,,,
.freeobj 0;389;29.0075;0;-2.0965,,,,,,,,
.freeobj 0;411,,,,,,,,
.freeobj 0;608;-12.1, .freeobj 0;1617;12;0;-6,,,,,,,
.freeobj 0;56;0;-0.1,,,,,,,,
.freeobj 0;1616,,,,,,,,
,,,,,,,,
91200,,,,,,,,
.railend 3,,,,,,,,
.freeobj 0;3;-16,,,,,,,,
.rail 10;10,,,,,,,,
.freeobj 0;389;-20.5;;180,,,,,,,,
.freeobj 0;389;10,,,,,,,,
.freeobj 0;3;-12,,,,,,,,
.freeobj 0;15;-4,,,,,,,,
.freeobj 0;608;-12.1,,,,,,,,
.freeobj 0;56;0;-0.1,,,,,,,,
.freeobj 0;482;-0.2;-1,,,,,,,,
.ground 45, .freeobj 0;9123;-4, .freeobj 10;9123, .freeobj 0;9123;-16, .freeobj 0;9123;-12,,,,
.freeobj 0;718;-31.7;-3;4.55,,,,,,,,
.freeobj 0;9123,,,,,,,,
,,,,,,,,
91222,,,,,,,,
.freeobj 0;619;6.45;0;-8,,,,,,,,
,,,,,,,,
91225,,,,,,,,
.freeobj 0;3;-12;0;4.5886,,,,,,,,
.rail 10;6,,,,,,,,
.freeobj 0;389;-23.9;0;180,,,,,,,,
.freeobj 0;389;6,,,,,,,,
.freeobj 0;3;-16;0;4.5886,,,,,,,,
.railtype 0;2,,,,,,,,
.curve -157;-43,,,,,,,,
.freeobj 0;3;-5.95;0;-4.5886,,,,,,,,
.freeobj 0;3;-4;0;4.5886,,,,,,,,
.freeobj 0;608;-12;0;5,,,,,,,,
.freeobj 0;56;-2;-0.1;-5, .freeobj 0;9123;-4;;180, .freeobj 0;9123;-6;;180, .freeobj 10;9123;;;180, .freeobj 0;9123;-16;;180, .freeobj 0;9123;-12;;180,,,
.freeobj 0;718;-30;-3;9,,,,,,,,
.freeobj 0;9123;;;180,,,,,,,,
,,,,,,,,
91227,,,,,,,,
.freeobj 0;614;24;2;90,,,,,,,,
,,,,,,,,
91247,,,,,,,,
.freeobj 0;619;-10.25;0;4.5,,,,,,,,
.freeobj 0;619;-7.7;0;-4.5,,,,,,,,
,,,,,,,,
91250,,,,,,,,
.rail 10;4;0;41,,,,,,,,
.freeobj 0;3;-20.4;0;13.8865,,,,,,,,
.freeobj 0;3;-14;0;4.5886,,,,,,,,
.freeobj 0;389;4,,,,,,,,
.freeobj 0;389;-20;0;180,,,,,,,,
.railtype 0;3,,,,,,,,
.curve 157;43,,,,,,,,
.rail 4;0;0;3    ;id=0,,,,,,,,
.freeobj 0;56;-5;-0.1;-5,,,,,,,,
.freeobj 0;1355;-20.2;0;14, .freeobj 0;9123;-2, .freeobj 10;9123, .freeobj 0;9123;-14, .freeobj 0;9123;-10, .freeobj 0;9123;-8,,,
.freeobj 0;718;-26;-3;9,,,,,,,,
.freeobj 0;9123,,,,,,,,
,,,,,,,,
91272,,,,,,,,
.freeobj 0;623;-27;0;4.55,,,,,,,,
.freeobj 0;619;-12.25;-0.01;4.5,,,,,,,,
.freeobj 0;619;-14.95;0;13.5,,,,,,,,
,,,,,,,,
91275,,,,,,,,
.railtype 10;3,,,,,,,,
.freeobj 10;414,,,,,,,,
.freeobj 0;382;19.1243;-3;358,,,,,,,,
.freeobj 0;2031;-12,,,,,,,,
.freeobj 0;1355;-13.8;0;4,,,,,,,,
.freeobj 0;3;-8,,,,,,,,
.freeobj 0;389;4,,,,,,,,
.freeobj 0;389;-14;;180,,,,,,,,
.freeobj 0;414;0;0;180,,,,,,,,
.freeobj 0;15;-8;0;180.0268,,,,,,,,
.curve 0;0,,,,,,,,
.railtype 0;0, .freeobj 0;9123;-8;;180, .freeobj 10;9123;;;180, .freeobj 0;9123;-12;;180, .freeobj 0;9123;-14;;180,,,,
.freeobj 0;56;-2;-0.1;-5,,,,,,,,
.freeobj 0;9123;;;180,,,,,,,,
,,,,,,,,
91295,,,,,,,,
.freeobj 0;623;-26.7,,,,,,,,
,,,,,,,,
91300,,,,,,,,
.freeobj 0;2031;-8,,,,,,,,
.freeobj 0;3;-12,,,,,,,,
.freeobj 0;1354;-12,,,,,,,,
.freeobj 0;389;4,,,,,,,,
.freeobj 0;389;-12;;180,,,,,,,,
.railtype 10;0,,,,,,,,
.railtype 0;3,,,,,,,,
.rail 5;0;0;3    ;id=0, .freeobj 0;9123;2, .freeobj 0;9123;-8, .freeobj 10;9123, .freeobj 0;9123;-10, .freeobj 0;9123;-12,,,
.freeobj 0;56;-3;-0.1,,,,,,,,
.freeobj 0;9123,,,,,,,,
,,,,,,,,
91320,,,,,,,,
.freeobj 0;623;-26.7,,,,,,,,
,,,,,,,,
91325,,,,,,,,
.freeobj 0;21;-12,,,,,,,,
.wallend 10,,,,,,,,
.freeobj 10;20,,,,,,,,
.freeobj 0;3;-12,,,,,,,,
.railtype 0;0,,,,,,,,
.freeobj 0;3;-8,,,,,,,,
.freeobj 0;3;-6;-0.01;9.04,,,,,,,,
.freeobj 0;389;4,,,,,,,,
.freeobj 0;389;-12;;180,,,,,,,,
.freeobj 0;15;;;180,,,,,,,,
.railend 5;4, .freeobj 0;9123;-8;;180, .freeobj 10;9123;;;180, .freeobj 0;9123;-12;;180, .freeobj 0;9123;-6;;180,,,,
.freeobj 0;615,,,,,,,,
.freeobj 0;9123;;;180,,,,,,,,
,,,,,,,,
91347,,,,,,,,
.freeobj 0;619;-2.5;-0.02;9,,,,,,,,
.freeobj 0;619;-8;-0.01,,,,,,,,
.freeobj 0;619;-12;-0.01,,,,,,,,
,,,,,,,,
91350,,,,,,,,
.railend 10,,,,,,,,
.freeobj 0;382;33;-2.6;270,,,,,,,,
.freeobj 0;382;58;-2.6;270,,,,,,,,
.freeobj 0;3;-12.05;0;-4.2,,,,,,,,
.freeobj 0;3;-8;0;-4.2,,,,,,,,
.freeobj 0;2032;0;0;-4.55,,,,,,,,
.freeobj 0;389;4,,,,,,,,
.freeobj 0;389;-12;;180,,,,,,,,
.curve 157;43,,,,,,,,
.rail 6;0;0;3,,,,,,,,
.railtype 0;3 ,,,,,,,,
.railstart 1;4;0;43,,,,,,,,
.freeobj 1;1355;5,,,,,,,,
.freeobj 0;1354;-12;0;-4.5,,,,,,,,
.freeobj 0;615;-10;-0.1, .freeobj 0;9123;-8, .freeobj 1;9123, .freeobj 0;9123;-12, .freeobj 0;9123;-2,,,,
.freeobj 0;622;-26.7,,,,,,,,
.freeobj 0;9123,,,,,,,,
,,,,,,,,
91372,,,,,,,,
.freeobj 0;619;-9.615;-0.01;-4.2,,,,,,,,
.freeobj 0;619;-13.68;-0.01;-4,,,,,,,,
,,,,,,,,
.freeobj 0;622;-26.7;;-4,,,,,,,,
, ,,,,,,,
91375,,,,,,,,
.limit 33,,,,,,,,
.freeobj 0;13;-2.03;0;-18,,,,,,,,
.freeobj 0;13;-10;0;-18,,,,,,,,
.freeobj 0;13;-14.15;0;-17.7,,,,,,,,
.freeobj 0;1355;-14.15;0;-18,,,,,,,,
.freeobj 1;1354;5,,,,,,,,
.freeobj 0;389;-14;0;180,,,,,,,,
.freeobj 0;389;4,,,,,,,,
.curve 230;0, .railtype 1;25,,,,,,,
.railend 6;4,,,,,,,,
.railtype 0;25,,,,,,,,
.freeobj 0;615;-9;-0.1;-22, .freeobj 0;9123;-10.2;;180, .freeobj 1;9123;;;180, .freeobj 0;9123;-14.2;;180, .freeobj 0;9123;-2.2;;180,,,,
.freeobj 0;615;-9;-0.15;-202,,,,,,,,
.freeobj 0;9123;;;180,,,,,,,,
, .freeobj 1;482;3.5;-0.3;15,,,,,,,
91386,,,,,,,,
.freeobj 0;482;-0.6;-0.3,,,,,,,,
,,,,,,,,
91388,,,,,,,,
.freeobj 0;1356,,,,,,,,
,,,,,,,,
91389,,,,,,,,
.freeobj 0;1354;-0.4;0;-21,,,,,,,,
,,,,,,,,
91398,,,,,,,,
.freeobj 0;615;-18;-0.1;-22,,,,,,,,
,,,,,,,,
91399,,,,,,,,
.freeobj 0;3;-9.85;0;-22.45,,,,,,,,
.freeobj 0;3;-17.83;0;-22,,,,,,,,
.freeobj 0;3;-21.83;0;-22,,,,,,,,
.freeobj 0;21;-22;0;-22,,,,,,,,
,,,,,,,,
91400,,,,,,,,
.pitch 1.12,,,,,,,,
.freeobj 0;1354,,,,,,,,
.freeobj 1;1354;5,,,,,,,,
.freeobj 0;33;4,,,,,,,,
.freeobj 0;33;;;180,,,,,,,,
.freeobj 0;33;-10.8;0;155,,,,,,,,
.freeobj 0;33;-19.2;0;-25,,,,,,,,
.freeobj 0;33;-23.4;0;155,,,,,,,,
.Beacon 44000;1;1;0,,,,,,,,
.freeobj 0;501;4,,,,,,,,
,,,,,,,,
91409,,,,,,,,
.freeobj 0;20;-15.5;0;-29,,,,,,,,
,,,,,,,,
91413,,,,,,,,
.freeobj 0;901;-20;0.2;35,,,,,,,,
,,,,,,,,
91419,,,,,,,,
.freeobj 0;615;-31;-0.1;-29,,,,,,,,
,,,,,,,,
91420,,,,,,,,
.freeobj 0;41;-21.75;0;-29.2,,,,,,,,
.freeobj 0;41;-29.9;0;-29,,,,,,,,
.freeobj 0;41;-34.1;0;-29,,,,,,,,
.freeobj 0;33;-21.75;0;-29.2,,,,,,,,
.freeobj 0;33;-29.9;0;-29.2,,,,,,,,
.freeobj 0;33;-34.1;0;-209.2,,,,,,,,
,,,,,,,,
.freeobj 0;619;-29.9;0;-208,,,,,,,,
.freeobj 0;619;-34.1;0;-208,,,,,,,,
,,,,,,,,
.freeobj 0;1354;-34.4;0;-29,,,,,,,,
,,,,,,,,
91423,,,,,,,,
.freeobj 0;620;-54;-4.95;-35,,,,,,,,
,,,,,,,,
91425,,,,,,,,
.freeobj 0;1354,,,,,,,,
.freeobj 1;1354;5,,,,,,,,
.freeobj 0;33;4,,,,,,,,
.freeobj 0;33;0;0;180,,,,,,,,
.ground 64,,,,,,,,
,,,,,,,,
91429,,,,,,,,
.freeobj 0;1355;-22.5;0;-36,,,,,,,,
,,,,,,,,
91434,,,,,,,,
.freeobj 0;901;-5.9;0.2;29,,,,,,,,
,,,,,,,,
91436,,,,,,,,
.freeobj 0;701;-14;-4.8;208,,,,,,,,
,,,,,,,,
91438,,,,,,,,
.freeobj 0;41;-35.55;0;-36.88,,,,,,,,
.freeobj 0;41;-44.2;0;-37,,,,,,,,
.freeobj 0;41;-48.7;0;-37,,,,,,,,
.freeobj 0;33;-35.55;0;-36.8,,,,,,,,
.freeobj 0;33;-44.2;0;-37,,,,,,,,
.freeobj 0;33;-48.7;0;-217,,,,,,,,
,,,,,,,,
.freeobj 0;619;-44.2;0;-216,,,,,,,,
.freeobj 0;619;-48.7;0;-216,,,,,,,,
,,,,,,,,
.freeobj 0;1355;-49;0;-37,,,,,,,,
.freeobj 0;615;-46;-0.1;-33,,,,,,,,
,,,,,,,,
91445,,,,,,,,
.freeobj 0;613;-15;0;-5,,,,,,,,
,,,,,,,,
91449,,,,,,,,
.freeobj 0;1354;-37;0;-37,,,,,,,,
,,,,,,,,
91450,,,,,,,,
.pitch 2.24,,,,,,,,
.freeobj 0;1354,,,,,,,,
.freeobj 1;1354;5,,,,,,,,
.freeobj 0;33;4,,,,,,,,
.freeobj 0;33;0;0;180,,,,,,,,
.freeobj 0;621;-106;0;35,,,,,,,,
,,,,,,,,
91453,,,,,,,,
.freeobj 0;41;-51.63;0;-45,,,,,,,,
.freeobj 0;41;-61.2;0;-45,,,,,,,,
.freeobj 0;41;-66.18;0;-45,,,,,,,,
.freeobj 0;33;-51.63;0;-45,,,,,,,,
.freeobj 0;33;-61.2;0;-45,,,,,,,,
.freeobj 0;33;-66.18;0;-225,,,,,,,,
,,,,,,,,
.freeobj 0;619;-51.63;0;-223.8,,,,,,,,
.freeobj 0;619;-61.2;0;-224,,,,,,,,
.freeobj 0;619;-66.18;0;-224,,,,,,,,
,,,,,,,,
.freeobj 0;1355;-66.6;0;-45,,,,,,,,
,,,,,,,,
.freeobj 0;615;-60;-0.1;-45,,,,,,,,
,,,,,,,,
91464,,,,,,,,
.freeobj 0;1355;-54.6;0;-45.3,,,,,,,,
,,,,,,,,
91472,,,,,,,,
.freeobj 0;41;-70.66;0;-46.5,,,,,,,,
.freeobj 0;41;-80.23;0;-46.5,,,,,,,,
.freeobj 0;41;-85.2;0;-46.5,,,,,,,,
.freeobj 0;33;-70.66;0;-46.5,,,,,,,,
.freeobj 0;33;-80.23;0;-46.5,,,,,,,,
.freeobj 0;33;-85.2;0;-226.5,,,,,,,,
,,,,,,,,
.freeobj 0;619;-70.66;-0.01;-225.5,,,,,,,,
.freeobj 0;619;-80.23;-0.01;-225.5,,,,,,,,
.freeobj 0;619;-85.2;-0.01;-225.5,,,,,,,,
,,,,,,,,
.freeobj 0;1355;-85.6;0;-46.5,,,,,,,,
.freeobj 0;615;-87.3;-0.1;-46,,,,,,,,
,,,,,,,,
91474,,,,,,,,
.freeobj 0;1354;-64.6;-0.01;-46.6,,,,,,,,
,,,,,,,,
91475,,,,,,,,
.freeobj 0;1354,,,,,,,,
.freeobj 1;1354;5,,,,,,,,
.freeobj 0;33;4,,,,,,,,
.freeobj 0;33;0;0;180,,,,,,,,
,,,,,,,,
91478,,,,,,,,
.freeobj 0;41;-98.7;0;-54,,,,,,,,
.freeobj 0;41;-104.4;0;-54,,,,,,,,
.freeobj 0;33;-98.7;0;-54,,,,,,,,
.freeobj 0;33;-104.4;0;-234,,,,,,,,
,,,,,,,,
91479,,,,,,,,
.freeobj 0;41;-89.12;0;-54,,,,,,,,
.freeobj 0;33;-89.12;0;-54,,,,,,,,
.freeobj 0;1354;-80;0;-54,,,,,,,,
.freeobj 0;1355;-106.2;0;-54,,,,,,,,
;.freeobj 0;615;-113;-0.1;-50,,,,,,,,
,,,,,,,,
91492,,,,,,,,
.freeobj 0;41;-117.95;0;-55.5,,,,,,,,
.freeobj 0;41;-123.65;0;-55.5,,,,,,,,
.freeobj 0;33;-117.95;0;-55.5,,,,,,,,
.freeobj 0;33;-123.65;0;-235.5,,,,,,,,
,,,,,,,,
91493,,,,,,,,
.freeobj 0;41;-108.35;0;-55.5,,,,,,,,
.freeobj 0;33;-108.35;0;-55.5,,,,,,,,
.freeobj 0;1354;-99.2;0;-54.9,,,,,,,,
.freeobj 0;1355;-125.5;0;-56,,,,,,,,
;.freeobj 0;615;-99;-0.1;-50,,,,,,,,
,,,,,,,,
91499,,,,,,,,
.freeobj 0;41;-116.95;0;-56,,,,,,,,
.freeobj 0;41;-128;0;-56.2,,,,,,,,
.freeobj 0;41;-133.7;0;-56.2,,,,,,,,
.freeobj 0;33;-116.95;0;-56,,,,,,,,
.freeobj 0;33;-128;0;-56,,,,,,,,
.freeobj 0;33;-113.7;0;-236.2,,,,,,,,
.freeobj 0;1354;-107.6;0;-56,,,,,,,,
,,,,,,,,
91500,,,,,,,,
.pitch 3.37,,,,,,,,
.freeobj 0;1354,,,,,,,,
.freeobj 1;1354;5,,,,,,,,
.freeobj 0;33;4,,,,,,,,
.freeobj 0;33;0;0;180,,,,,,,,
.freeobj 0;616;-160;0;-62,,,,,,,,
,,,,,,,,
91505,,,,,,,,
.freeobj 0;1355;-152.3;0;117,,,,,,,,
,,,,,,,,
91514,,,,,,,,
.freeobj 0;904;-30;-5;90,,,,,,,,
.freeobj 0;904;-55;-5;90,,,,,,,,
,,,,,,,,
91515,,,,,,,,
.freeobj 0;1355;-178;0;111,,,,,,,,
.freeobj 0;11434;-30;-7;90,,,,,,,,
.freeobj 0;11434;-55;-7;90,,,,,,,,
,,,,,,,,
91520,,,,,,,,
.freeobj 0;11434;-33;-4;90,,,,,,,,
.freeobj 0;11434;-60;-4;90,,,,,,,,
,,,,,,,,
91525,,,,,,,,
.ground 145,,,,,,,,
.freeobj 0;1354,,,,,,,,
.freeobj 1;1354;5,,,,,,,,
.freeobj 0;33;4,,,,,,,,
.freeobj 0;33;;;180,,,,,,,,
.freeobj 0;973;-70;-5;20,,,,,,,,
.freeobj 0;11434;-55;-7;90,,,,,,,,
,,,,,,,,
91550, .railtype 1;0,,,,,,,
.curve 0;0,,,,,,,,
.railtype 0;0,,,,,,,,
.freeobj 0;1354,,,,,,,,
.freeobj 1;1354;5,,,,,,,,
.freeobj 0;33;4, .Section 0;2;4,,,,,,,
.freeobj 0;33;;;180,,,,,,,,
.SigF 52; 1;-2;4.3,,,,,,,,
.freeobj 0;52;-2;-0.6,,,,,,,,
.freeobj 0;52;6;-0.6,,,,,,,,
.freeobj 1;2007;1.8;4.65,,,,,,,,
,,,,,,,,
91575,,,,,,,,
.ground 52,,,,,,,,
.freeobj 0;33;4,,,,,,,,
.freeobj 0;33;0;0;180,,,,,,,,
.freeobj 0;374,,,,,,,,
.freeobj 1;375,,,,,,,,
.rail 7;0;0;3    ;id=0,,,,,,,,
.freeobj 0;62,,,,,,,,
.railtype 0;3,,,,,,,,
.freeobj 0;31;0;0;9.15,,,,,,,,
.freeobj 0;434;6;-7;90,,,,,,,,
,,,,,,,,
;Tyne Valley guard beacons Swalwell to NCL,,,,,,,,
,.beacon 23;0;0;1,,,,,,,
;MetroCentre,.beacon 24;0;0;0501042,,,,,,,
86125,,,,,,,,
86150,,,,,,,,
,.beacon 23;0;0;1,,,,,,,
;Dunston,.beacon 24;0;0;0904015,,,,,,,
87600,,,,,,,,
87625,,,,,,,,
,.beacon 23;0;0;1,,,,,,,
;Newcastle p5,.beacon 24;0;0;2352505,,,,,,,
91200,,,,,,,,
91225,,,,,,,,
